﻿year,country_code,country_name,value,unit,source
1990,AUS,Australia,17381.2252724823,USD (PPP),World Bank
1991,AUS,Australia,17835.8304564765,USD (PPP),World Bank
1992,AUS,Australia,18253.9697600814,USD (PPP),World Bank
1993,AUS,Australia,19216.3066487676,USD (PPP),World Bank
1994,AUS,Australia,20170.7847643535,USD (PPP),World Bank
1995,AUS,Australia,21038.6667853022,USD (PPP),World Bank
1996,AUS,Australia,22132.1929034356,USD (PPP),World Bank
1997,AUS,Australia,23124.9639117233,USD (PPP),World Bank
1998,AUS,Australia,24378.2453109245,USD (PPP),World Bank
1999,AUS,Australia,25485.39144594,USD (PPP),World Bank
2000,AUS,Australia,26541.6653208437,USD (PPP),World Bank
2001,AUS,Australia,27645.8140289701,USD (PPP),World Bank
2002,AUS,Australia,29032.4909555888,USD (PPP),World Bank
2003,AUS,Australia,30121.8184177337,USD (PPP),World Bank
2004,AUS,Australia,31763.7960926854,USD (PPP),World Bank
2005,AUS,Australia,33036.5834770249,USD (PPP),World Bank
2006,AUS,Australia,34846.7156302418,USD (PPP),World Bank
2007,AUS,Australia,36653.8417179443,USD (PPP),World Bank
2008,AUS,Australia,37532.9990434133,USD (PPP),World Bank
2009,AUS,Australia,40312.3951186945,USD (PPP),World Bank
2010,AUS,Australia,39372.8511038542,USD (PPP),World Bank
2011,AUS,Australia,42022.7392158859,USD (PPP),World Bank
2012,AUS,Australia,42863.3483169945,USD (PPP),World Bank
2013,AUS,Australia,45930.8505081503,USD (PPP),World Bank
2014,AUS,Australia,46903.770304139,USD (PPP),World Bank
2015,AUS,Australia,46263.731388772,USD (PPP),World Bank
2016,AUS,Australia,47260.1529933747,USD (PPP),World Bank
2017,AUS,Australia,48371.1409956585,USD (PPP),World Bank
2018,AUS,Australia,50183.6898127634,USD (PPP),World Bank
2019,AUS,Australia,52673.0638176231,USD (PPP),World Bank
2020,AUS,Australia,53984.1246979075,USD (PPP),World Bank
2021,AUS,Australia,58182.3369477501,USD (PPP),World Bank
2022,AUS,Australia,65871.7715157769,USD (PPP),World Bank
2023,AUS,Australia,70513.4748706981,USD (PPP),World Bank
2024,AUS,Australia,71193.2158509788,USD (PPP),World Bank
1990,BRA,Brazil,6687.92294845833,USD (PPP),World Bank
1991,BRA,Brazil,6866.63038067142,USD (PPP),World Bank
1992,BRA,Brazil,6869.41000567118,USD (PPP),World Bank
1993,BRA,Brazil,7259.98885694017,USD (PPP),World Bank
1994,BRA,Brazil,7727.24541734073,USD (PPP),World Bank
1995,BRA,Brazil,8096.91149188512,USD (PPP),World Bank
1996,BRA,Brazil,8300.634141472,USD (PPP),World Bank
1997,BRA,Brazil,8601.60903058102,USD (PPP),World Bank
1998,BRA,Brazil,8598.80569216845,USD (PPP),World Bank
1999,BRA,Brazil,8634.60784569515,USD (PPP),World Bank
2000,BRA,Brazil,9091.76851374523,USD (PPP),World Bank
2001,BRA,Brazil,9303.64529202374,USD (PPP),World Bank
2002,BRA,Brazil,9616.59485500825,USD (PPP),World Bank
2003,BRA,Brazil,9801.96212464828,USD (PPP),World Bank
2004,BRA,Brazil,10525.7113783353,USD (PPP),World Bank
2005,BRA,Brazil,11081.2474735762,USD (PPP),World Bank
2006,BRA,Brazil,11750.5312440217,USD (PPP),World Bank
2007,BRA,Brazil,12672.5051160173,USD (PPP),World Bank
2008,BRA,Brazil,13445.2454698704,USD (PPP),World Bank
2009,BRA,Brazil,13390.683131466,USD (PPP),World Bank
2010,BRA,Brazil,14451.7158389637,USD (PPP),World Bank
2011,BRA,Brazil,15211.7920391654,USD (PPP),World Bank
2012,BRA,Brazil,15198.0863308622,USD (PPP),World Bank
2013,BRA,Brazil,15722.3335242901,USD (PPP),World Bank
2014,BRA,Brazil,15827.3081625514,USD (PPP),World Bank
2015,BRA,Brazil,14821.4383174534,USD (PPP),World Bank
2016,BRA,Brazil,14309.2061489274,USD (PPP),World Bank
2017,BRA,Brazil,14559.0488897004,USD (PPP),World Bank
2018,BRA,Brazil,15463.7426393889,USD (PPP),World Bank
2019,BRA,Brazil,16069.8380152627,USD (PPP),World Bank
2020,BRA,Brazil,16101.6183063466,USD (PPP),World Bank
2021,BRA,Brazil,18075.7060049068,USD (PPP),World Bank
2022,BRA,Brazil,19876.8533531447,USD (PPP),World Bank
2023,BRA,Brazil,21175.6186990185,USD (PPP),World Bank
2024,BRA,Brazil,22333.4116642585,USD (PPP),World Bank
1990,CAN,Canada,20229.7558681625,USD (PPP),World Bank
1991,CAN,Canada,20224.6873311056,USD (PPP),World Bank
1992,CAN,Canada,20626.2020585898,USD (PPP),World Bank
1993,CAN,Canada,21440.0469855991,USD (PPP),World Bank
1994,CAN,Canada,22632.8340863081,USD (PPP),World Bank
1995,CAN,Canada,23485.6419280395,USD (PPP),World Bank
1996,CAN,Canada,24050.1750062174,USD (PPP),World Bank
1997,CAN,Canada,25258.8605604948,USD (PPP),World Bank
1998,CAN,Canada,26319.6741635104,USD (PPP),World Bank
1999,CAN,Canada,27841.3533496575,USD (PPP),World Bank
2000,CAN,Canada,29362.0841609786,USD (PPP),World Bank
2001,CAN,Canada,30230.8487685762,USD (PPP),World Bank
2002,CAN,Canada,30963.9218856684,USD (PPP),World Bank
2003,CAN,Canada,32351.5456968698,USD (PPP),World Bank
2004,CAN,Canada,33927.6696952532,USD (PPP),World Bank
2005,CAN,Canada,36328.378994377,USD (PPP),World Bank
2006,CAN,Canada,38119.3909593545,USD (PPP),World Bank
2007,CAN,Canada,39575.4770075876,USD (PPP),World Bank
2008,CAN,Canada,40376.0882836384,USD (PPP),World Bank
2009,CAN,Canada,38864.0566958538,USD (PPP),World Bank
2010,CAN,Canada,40098.2537191139,USD (PPP),World Bank
2011,CAN,Canada,41666.8374590278,USD (PPP),World Bank
2012,CAN,Canada,42291.9729357094,USD (PPP),World Bank
2013,CAN,Canada,44301.0562529133,USD (PPP),World Bank
2014,CAN,Canada,45758.1007297304,USD (PPP),World Bank
2015,CAN,Canada,44669.4513631838,USD (PPP),World Bank
2016,CAN,Canada,46470.6466391109,USD (PPP),World Bank
2017,CAN,Canada,48317.3874457163,USD (PPP),World Bank
2018,CAN,Canada,49982.5999118346,USD (PPP),World Bank
2019,CAN,Canada,50498.9731057448,USD (PPP),World Bank
2020,CAN,Canada,48590.6832121939,USD (PPP),World Bank
2021,CAN,Canada,56995.1176781351,USD (PPP),World Bank
2022,CAN,Canada,63578.3201949554,USD (PPP),World Bank
2023,CAN,Canada,64462.9211694495,USD (PPP),World Bank
2024,CAN,Canada,65463.0990993361,USD (PPP),World Bank
1990,CHE,Switzerland,28442.331604763,USD (PPP),World Bank
1991,CHE,Switzerland,28773.0139362181,USD (PPP),World Bank
1992,CHE,Switzerland,29093.3238541076,USD (PPP),World Bank
1993,CHE,Switzerland,29475.7500522008,USD (PPP),World Bank
1994,CHE,Switzerland,30245.3759671361,USD (PPP),World Bank
1995,CHE,Switzerland,30821.4370522444,USD (PPP),World Bank
1996,CHE,Switzerland,31497.7419568964,USD (PPP),World Bank
1997,CHE,Switzerland,32728.0114219533,USD (PPP),World Bank
1998,CHE,Switzerland,33857.6531675935,USD (PPP),World Bank
1999,CHE,Switzerland,34742.6318631555,USD (PPP),World Bank
2000,CHE,Switzerland,36695.2070554187,USD (PPP),World Bank
2001,CHE,Switzerland,37822.9275072501,USD (PPP),World Bank
2002,CHE,Switzerland,38704.9584597242,USD (PPP),World Bank
2003,CHE,Switzerland,38737.3079261209,USD (PPP),World Bank
2004,CHE,Switzerland,40176.5707415374,USD (PPP),World Bank
2005,CHE,Switzerland,41524.8488732932,USD (PPP),World Bank
2006,CHE,Switzerland,46275.5494842863,USD (PPP),World Bank
2007,CHE,Switzerland,50929.4927044896,USD (PPP),World Bank
2008,CHE,Switzerland,53808.7841127066,USD (PPP),World Bank
2009,CHE,Switzerland,52971.3732760585,USD (PPP),World Bank
2010,CHE,Switzerland,54432.332994981,USD (PPP),World Bank
2011,CHE,Switzerland,57493.5810559211,USD (PPP),World Bank
2012,CHE,Switzerland,59440.9158607666,USD (PPP),World Bank
2013,CHE,Switzerland,61656.4661708516,USD (PPP),World Bank
2014,CHE,Switzerland,63417.0438110319,USD (PPP),World Bank
2015,CHE,Switzerland,65282.5841931923,USD (PPP),World Bank
2016,CHE,Switzerland,67350.7518747757,USD (PPP),World Bank
2017,CHE,Switzerland,68193.5055940262,USD (PPP),World Bank
2018,CHE,Switzerland,70688.8187491194,USD (PPP),World Bank
2019,CHE,Switzerland,73732.2353322093,USD (PPP),World Bank
2020,CHE,Switzerland,72997.8239503282,USD (PPP),World Bank
2021,CHE,Switzerland,81001.4111206118,USD (PPP),World Bank
2022,CHE,Switzerland,91326.1317048182,USD (PPP),World Bank
2023,CHE,Switzerland,90505.997877357,USD (PPP),World Bank
2024,CHE,Switzerland,93818.7074809256,USD (PPP),World Bank
1990,CHN,China,990.776190880307,USD (PPP),World Bank
1991,CHN,China,1104.99241812151,USD (PPP),World Bank
1992,CHN,China,1276.04934407809,USD (PPP),World Bank
1993,CHN,China,1471.23957676652,USD (PPP),World Bank
1994,CHN,China,1679.99494201668,USD (PPP),World Bank
1995,CHN,China,1883.87603000345,USD (PPP),World Bank
1996,CHN,China,2087.74769649351,USD (PPP),World Bank
1997,CHN,China,2297.36310194242,USD (PPP),World Bank
1998,CHN,China,2483.25405950859,USD (PPP),World Bank
1999,CHN,China,2689.85156589718,USD (PPP),World Bank
2000,CHN,China,2963.53238602023,USD (PPP),World Bank
2001,CHN,China,3258.40210660305,USD (PPP),World Bank
2002,CHN,China,3590.7659594167,USD (PPP),World Bank
2003,CHN,China,4007.11604605423,USD (PPP),World Bank
2004,CHN,China,4504.92937237596,USD (PPP),World Bank
2005,CHN,China,5148.18273933805,USD (PPP),World Bank
2006,CHN,China,5946.28682830185,USD (PPP),World Bank
2007,CHN,China,6935.26580584434,USD (PPP),World Bank
2008,CHN,China,7712.84608425069,USD (PPP),World Bank
2009,CHN,China,8447.98281469227,USD (PPP),World Bank
2010,CHN,China,9411.13821903204,USD (PPP),World Bank
2011,CHN,China,10456.7916826113,USD (PPP),World Bank
2012,CHN,China,11420.2527051141,USD (PPP),World Bank
2013,CHN,China,12228.3736084197,USD (PPP),World Bank
2014,CHN,China,12941.5964809146,USD (PPP),World Bank
2015,CHN,China,13463.3331511105,USD (PPP),World Bank
2016,CHN,China,14157.2514988004,USD (PPP),World Bank
2017,CHN,China,15022.4371883124,USD (PPP),World Bank
2018,CHN,China,16298.2050619109,USD (PPP),World Bank
2019,CHN,China,17600.8907568493,USD (PPP),World Bank
2020,CHN,China,18267.4783455827,USD (PPP),World Bank
2021,CHN,China,20843.2978347377,USD (PPP),World Bank
2022,CHN,China,23032.1766271143,USD (PPP),World Bank
2023,CHN,China,25179.1193066383,USD (PPP),World Bank
2024,CHN,China,27104.8702677463,USD (PPP),World Bank
1990,DEU,Germany,19521.0195953832,USD (PPP),World Bank
1991,DEU,Germany,21058.0766845077,USD (PPP),World Bank
1992,DEU,Germany,21806.2098717814,USD (PPP),World Bank
1993,DEU,Germany,21940.1618594446,USD (PPP),World Bank
1994,DEU,Germany,22886.7678264208,USD (PPP),World Bank
1995,DEU,Germany,23614.9584449293,USD (PPP),World Bank
1996,DEU,Germany,24160.0668021179,USD (PPP),World Bank
1997,DEU,Germany,24643.6832124359,USD (PPP),World Bank
1998,DEU,Germany,25444.1511399187,USD (PPP),World Bank
1999,DEU,Germany,26517.9342856214,USD (PPP),World Bank
2000,DEU,Germany,27467.7824174767,USD (PPP),World Bank
2001,DEU,Germany,28677.1908591132,USD (PPP),World Bank
2002,DEU,Germany,29513.6823267102,USD (PPP),World Bank
2003,DEU,Germany,30305.2575678401,USD (PPP),World Bank
2004,DEU,Germany,31757.4177276181,USD (PPP),World Bank
2005,DEU,Germany,32313.736788417,USD (PPP),World Bank
2006,DEU,Germany,34748.7543257238,USD (PPP),World Bank
2007,DEU,Germany,36915.3252832162,USD (PPP),World Bank
2008,DEU,Germany,38443.5386278958,USD (PPP),World Bank
2009,DEU,Germany,37554.4426993174,USD (PPP),World Bank
2010,DEU,Germany,39730.4897885271,USD (PPP),World Bank
2011,DEU,Germany,43398.3443992496,USD (PPP),World Bank
2012,DEU,Germany,44229.3941921739,USD (PPP),World Bank
2013,DEU,Germany,45889.0173022052,USD (PPP),World Bank
2014,DEU,Germany,47938.7968210418,USD (PPP),World Bank
2015,DEU,Germany,48558.4432970969,USD (PPP),World Bank
2016,DEU,Germany,51569.9016841199,USD (PPP),World Bank
2017,DEU,Germany,54110.2536648812,USD (PPP),World Bank
2018,DEU,Germany,56273.0405627017,USD (PPP),World Bank
2019,DEU,Germany,59270.7276496985,USD (PPP),World Bank
2020,DEU,Germany,58685.872699771,USD (PPP),World Bank
2021,DEU,Germany,62530.7653199239,USD (PPP),World Bank
2022,DEU,Germany,67589.8399055414,USD (PPP),World Bank
2023,DEU,Germany,68692.894466622,USD (PPP),World Bank
2024,DEU,Germany,72300.1205050011,USD (PPP),World Bank
1990,ESP,Spain,13666.5379883416,USD (PPP),World Bank
1991,ESP,Spain,14451.5917800344,USD (PPP),World Bank
1992,ESP,Spain,14845.3959204571,USD (PPP),World Bank
1993,ESP,Spain,14962.7231239705,USD (PPP),World Bank
1994,ESP,Spain,15572.1275852191,USD (PPP),World Bank
1995,ESP,Spain,16265.116191102,USD (PPP),World Bank
1996,ESP,Spain,16964.935227861,USD (PPP),World Bank
1997,ESP,Spain,17899.1939251675,USD (PPP),World Bank
1998,ESP,Spain,19081.5765441881,USD (PPP),World Bank
1999,ESP,Spain,19938.1786773173,USD (PPP),World Bank
2000,ESP,Spain,21577.59731368,USD (PPP),World Bank
2001,ESP,Spain,22954.8204911252,USD (PPP),World Bank
2002,ESP,Spain,24377.8417076394,USD (PPP),World Bank
2003,ESP,Spain,25060.5153765741,USD (PPP),World Bank
2004,ESP,Spain,26163.3046245452,USD (PPP),World Bank
2005,ESP,Spain,27629.7077024966,USD (PPP),World Bank
2006,ESP,Spain,30755.2987888646,USD (PPP),World Bank
2007,ESP,Spain,32537.3435402735,USD (PPP),World Bank
2008,ESP,Spain,33349.942580613,USD (PPP),World Bank
2009,ESP,Spain,32201.4773527814,USD (PPP),World Bank
2010,ESP,Spain,31808.2179879539,USD (PPP),World Bank
2011,ESP,Spain,32015.5752000401,USD (PPP),World Bank
2012,ESP,Spain,31869.7839822219,USD (PPP),World Bank
2013,ESP,Spain,32613.6891811474,USD (PPP),World Bank
2014,ESP,Spain,33760.9555646369,USD (PPP),World Bank
2015,ESP,Spain,35238.0691376424,USD (PPP),World Bank
2016,ESP,Spain,37612.7188681342,USD (PPP),World Bank
2017,ESP,Spain,39825.2498116292,USD (PPP),World Bank
2018,ESP,Spain,41015.1565755187,USD (PPP),World Bank
2019,ESP,Spain,44042.757577336,USD (PPP),World Bank
2020,ESP,Spain,39327.8479269599,USD (PPP),World Bank
2021,ESP,Spain,44251.6658222621,USD (PPP),World Bank
2022,ESP,Spain,50468.0966924829,USD (PPP),World Bank
2023,ESP,Spain,53229.922021795,USD (PPP),World Bank
2024,ESP,Spain,56926.2399029671,USD (PPP),World Bank
1990,FRA,France,17471.6864112423,USD (PPP),World Bank
1991,FRA,France,18178.0122019661,USD (PPP),World Bank
1992,FRA,France,18790.1971604022,USD (PPP),World Bank
1993,FRA,France,19070.9945882872,USD (PPP),World Bank
1994,FRA,France,19873.5108543096,USD (PPP),World Bank
1995,FRA,France,20687.726108258,USD (PPP),World Bank
1996,FRA,France,21260.5582126092,USD (PPP),World Bank
1997,FRA,France,22184.9704154656,USD (PPP),World Bank
1998,FRA,France,23261.1895083173,USD (PPP),World Bank
1999,FRA,France,24203.8755920062,USD (PPP),World Bank
2000,FRA,France,26001.8796983416,USD (PPP),World Bank
2001,FRA,France,27349.7445859002,USD (PPP),World Bank
2002,FRA,France,28350.0985605428,USD (PPP),World Bank
2003,FRA,France,28027.6762119343,USD (PPP),World Bank
2004,FRA,France,28925.1268683664,USD (PPP),World Bank
2005,FRA,France,30431.2367240202,USD (PPP),World Bank
2006,FRA,France,32430.4443144707,USD (PPP),World Bank
2007,FRA,France,34067.4661475639,USD (PPP),World Bank
2008,FRA,France,35053.2627069116,USD (PPP),World Bank
2009,FRA,France,34666.9598878294,USD (PPP),World Bank
2010,FRA,France,35911.5438581409,USD (PPP),World Bank
2011,FRA,France,37510.3759898714,USD (PPP),World Bank
2012,FRA,France,37671.0239268565,USD (PPP),World Bank
2013,FRA,France,39583.3520435045,USD (PPP),World Bank
2014,FRA,France,40218.1258637776,USD (PPP),World Bank
2015,FRA,France,40916.10535718,USD (PPP),World Bank
2016,FRA,France,42880.2351355431,USD (PPP),World Bank
2017,FRA,France,44469.1458856805,USD (PPP),World Bank
2018,FRA,France,46381.0590629457,USD (PPP),World Bank
2019,FRA,France,51130.4723140578,USD (PPP),World Bank
2020,FRA,France,49481.8044309655,USD (PPP),World Bank
2021,FRA,France,52517.3354905855,USD (PPP),World Bank
2022,FRA,France,56181.0058137403,USD (PPP),World Bank
2023,FRA,France,58317.828030698,USD (PPP),World Bank
2024,FRA,France,61321.691319446,USD (PPP),World Bank
1990,GBR,United Kingdom,17054.444821826,USD (PPP),World Bank
1991,GBR,United Kingdom,17382.8499586945,USD (PPP),World Bank
1992,GBR,United Kingdom,17802.1080142144,USD (PPP),World Bank
1993,GBR,United Kingdom,18633.0827722684,USD (PPP),World Bank
1994,GBR,United Kingdom,19712.6774084733,USD (PPP),World Bank
1995,GBR,United Kingdom,20581.042006181,USD (PPP),World Bank
1996,GBR,United Kingdom,21938.4450220767,USD (PPP),World Bank
1997,GBR,United Kingdom,23065.1905194119,USD (PPP),World Bank
1998,GBR,United Kingdom,23687.6917522907,USD (PPP),World Bank
1999,GBR,United Kingdom,24493.5013657365,USD (PPP),World Bank
2000,GBR,United Kingdom,26529.8521734351,USD (PPP),World Bank
2001,GBR,United Kingdom,27915.5304404741,USD (PPP),World Bank
2002,GBR,United Kingdom,29089.0536770407,USD (PPP),World Bank
2003,GBR,United Kingdom,30317.5243136229,USD (PPP),World Bank
2004,GBR,United Kingdom,32055.4717642346,USD (PPP),World Bank
2005,GBR,United Kingdom,32726.1331883772,USD (PPP),World Bank
2006,GBR,United Kingdom,34734.8160246415,USD (PPP),World Bank
2007,GBR,United Kingdom,35523.3115876502,USD (PPP),World Bank
2008,GBR,United Kingdom,36744.7913584035,USD (PPP),World Bank
2009,GBR,United Kingdom,35023.3323106015,USD (PPP),World Bank
2010,GBR,United Kingdom,36487.6718531875,USD (PPP),World Bank
2011,GBR,United Kingdom,37224.3787645256,USD (PPP),World Bank
2012,GBR,United Kingdom,38336.5961844419,USD (PPP),World Bank
2013,GBR,United Kingdom,39947.5369562562,USD (PPP),World Bank
2014,GBR,United Kingdom,41266.8197795309,USD (PPP),World Bank
2015,GBR,United Kingdom,42526.7003586335,USD (PPP),World Bank
2016,GBR,United Kingdom,44085.2025586772,USD (PPP),World Bank
2017,GBR,United Kingdom,46113.0211677324,USD (PPP),World Bank
2018,GBR,United Kingdom,47212.2045190522,USD (PPP),World Bank
2019,GBR,United Kingdom,50064.9605582187,USD (PPP),World Bank
2020,GBR,United Kingdom,48230.0477027461,USD (PPP),World Bank
2021,GBR,United Kingdom,51004.4271714238,USD (PPP),World Bank
2022,GBR,United Kingdom,58544.4695425536,USD (PPP),World Bank
2023,GBR,United Kingdom,57915.4940036535,USD (PPP),World Bank
2024,GBR,United Kingdom,60620.3807747583,USD (PPP),World Bank
1990,IDN,Indonesia,3043.94197509412,USD (PPP),World Bank
1991,IDN,Indonesia,3305.36393308693,USD (PPP),World Bank
1992,IDN,Indonesia,3538.4843126036,USD (PPP),World Bank
1993,IDN,Indonesia,3792.59465726279,USD (PPP),World Bank
1994,IDN,Indonesia,4095.99846606786,USD (PPP),World Bank
1995,IDN,Indonesia,4451.00021287614,USD (PPP),World Bank
1996,IDN,Indonesia,4807.0926728128,USD (PPP),World Bank
1997,IDN,Indonesia,5037.22152387708,USD (PPP),World Bank
1998,IDN,Indonesia,4355.77997397004,USD (PPP),World Bank
1999,IDN,Indonesia,4385.93971371397,USD (PPP),World Bank
2000,IDN,Indonesia,4639.03942639464,USD (PPP),World Bank
2001,IDN,Indonesia,4848.55580110852,USD (PPP),World Bank
2002,IDN,Indonesia,5076.16438159536,USD (PPP),World Bank
2003,IDN,Indonesia,5352.50750391531,USD (PPP),World Bank
2004,IDN,Indonesia,5700.04949535761,USD (PPP),World Bank
2005,IDN,Indonesia,6134.1667301082,USD (PPP),World Bank
2006,IDN,Indonesia,6583.35112358046,USD (PPP),World Bank
2007,IDN,Indonesia,7096.38768916734,USD (PPP),World Bank
2008,IDN,Indonesia,7569.25304691272,USD (PPP),World Bank
2009,IDN,Indonesia,7868.14818333554,USD (PPP),World Bank
2010,IDN,Indonesia,8353.45684733249,USD (PPP),World Bank
2011,IDN,Indonesia,8936.99215549454,USD (PPP),World Bank
2012,IDN,Indonesia,9530.29071136718,USD (PPP),World Bank
2013,IDN,Indonesia,9866.01699250847,USD (PPP),World Bank
2014,IDN,Indonesia,10064.677127417,USD (PPP),World Bank
2015,IDN,Indonesia,10027.5372996025,USD (PPP),World Bank
2016,IDN,Indonesia,10262.5951651871,USD (PPP),World Bank
2017,IDN,Indonesia,10687.6409218443,USD (PPP),World Bank
2018,IDN,Indonesia,11372.0971987612,USD (PPP),World Bank
2019,IDN,Indonesia,11986.4701508376,USD (PPP),World Bank
2020,IDN,Indonesia,11729.3674458448,USD (PPP),World Bank
2021,IDN,Indonesia,12757.0746440204,USD (PPP),World Bank
2022,IDN,Indonesia,14284.929293133,USD (PPP),World Bank
2023,IDN,Indonesia,15415.7079259527,USD (PPP),World Bank
2024,IDN,Indonesia,16448.2755179559,USD (PPP),World Bank
1990,IND,India,1211.98252596236,USD (PPP),World Bank
1991,IND,India,1239.05800550017,USD (PPP),World Bank
1992,IND,India,1308.60046648973,USD (PPP),World Bank
1993,IND,India,1374.10152892404,USD (PPP),World Bank
1994,IND,India,1466.60425541449,USD (PPP),World Bank
1995,IND,India,1578.67124418308,USD (PPP),World Bank
1996,IND,India,1694.73980804852,USD (PPP),World Bank
1997,IND,India,1758.85336185916,USD (PPP),World Bank
1998,IND,India,1852.40649050297,USD (PPP),World Bank
1999,IND,India,2006.27286702604,USD (PPP),World Bank
2000,IND,India,2090.85806894486,USD (PPP),World Bank
2001,IND,India,2199.53910446478,USD (PPP),World Bank
2002,IND,India,2277.06974775051,USD (PPP),World Bank
2003,IND,India,2461.48251610861,USD (PPP),World Bank
2004,IND,India,2681.86116841254,USD (PPP),World Bank
2005,IND,India,2936.80322011933,USD (PPP),World Bank
2006,IND,India,3220.62692939401,USD (PPP),World Bank
2007,IND,India,3508.06183171605,USD (PPP),World Bank
2008,IND,India,3633.36783240716,USD (PPP),World Bank
2009,IND,India,3886.58197693247,USD (PPP),World Bank
2010,IND,India,4206.45986002117,USD (PPP),World Bank
2011,IND,India,4454.70153200513,USD (PPP),World Bank
2012,IND,India,4819.64288218731,USD (PPP),World Bank
2013,IND,India,5014.3505659078,USD (PPP),World Bank
2014,IND,India,5191.59149903249,USD (PPP),World Bank
2015,IND,India,5425.03599091046,USD (PPP),World Bank
2016,IND,India,5800.48149366552,USD (PPP),World Bank
2017,IND,India,6144.71714444938,USD (PPP),World Bank
2018,IND,India,6714.96639877754,USD (PPP),World Bank
2019,IND,India,7150.92423452926,USD (PPP),World Bank
2020,IND,India,6966.27542785911,USD (PPP),World Bank
2021,IND,India,8050.01857452664,USD (PPP),World Bank
2022,IND,India,9207.12743040145,USD (PPP),World Bank
2023,IND,India,10323.4998734428,USD (PPP),World Bank
2024,IND,India,11158.8809230756,USD (PPP),World Bank
1990,ITA,Italy,18667.8785203188,USD (PPP),World Bank
1991,ITA,Italy,19582.5321463446,USD (PPP),World Bank
1992,ITA,Italy,20182.1740049695,USD (PPP),World Bank
1993,ITA,Italy,20471.8435498038,USD (PPP),World Bank
1994,ITA,Italy,21354.4057424861,USD (PPP),World Bank
1995,ITA,Italy,22431.2225953006,USD (PPP),World Bank
1996,ITA,Italy,23092.1885693553,USD (PPP),World Bank
1997,ITA,Italy,23931.1687000871,USD (PPP),World Bank
1998,ITA,Italy,25073.6527666681,USD (PPP),World Bank
1999,ITA,Italy,25654.6814189029,USD (PPP),World Bank
2000,ITA,Italy,27146.321184003,USD (PPP),World Bank
2001,ITA,Italy,28137.0558622418,USD (PPP),World Bank
2002,ITA,Italy,28833.0217903129,USD (PPP),World Bank
2003,ITA,Italy,29252.9002536241,USD (PPP),World Bank
2004,ITA,Italy,29584.8026525468,USD (PPP),World Bank
2005,ITA,Italy,30137.8180374437,USD (PPP),World Bank
2006,ITA,Italy,32460.5509873353,USD (PPP),World Bank
2007,ITA,Italy,34108.772309859,USD (PPP),World Bank
2008,ITA,Italy,35422.3424391113,USD (PPP),World Bank
2009,ITA,Italy,34483.7311008116,USD (PPP),World Bank
2010,ITA,Italy,34977.9942339965,USD (PPP),World Bank
2011,ITA,Italy,36392.2827759493,USD (PPP),World Bank
2012,ITA,Italy,36281.1014243506,USD (PPP),World Bank
2013,ITA,Italy,36459.2950248716,USD (PPP),World Bank
2014,ITA,Italy,36665.68576775,USD (PPP),World Bank
2015,ITA,Italy,37394.4535005423,USD (PPP),World Bank
2016,ITA,Italy,40482.562999856,USD (PPP),World Bank
2017,ITA,Italy,42142.3435406885,USD (PPP),World Bank
2018,ITA,Italy,43386.7005868803,USD (PPP),World Bank
2019,ITA,Italy,46661.9105159611,USD (PPP),World Bank
2020,ITA,Italy,44435.6434393527,USD (PPP),World Bank
2021,ITA,Italy,49825.3934111848,USD (PPP),World Bank
2022,ITA,Italy,56247.4155916998,USD (PPP),World Bank
2023,ITA,Italy,57893.4083587152,USD (PPP),World Bank
2024,ITA,Italy,60846.9830270279,USD (PPP),World Bank
1990,JPN,Japan,19912.5166053416,USD (PPP),World Bank
1991,JPN,Japan,21227.6750541886,USD (PPP),World Bank
1992,JPN,Japan,21825.7988198436,USD (PPP),World Bank
1993,JPN,Japan,22168.5602881844,USD (PPP),World Bank
1994,JPN,Japan,22823.4417107537,USD (PPP),World Bank
1995,JPN,Japan,23859.0660539005,USD (PPP),World Bank
1996,JPN,Japan,25000.533923594,USD (PPP),World Bank
1997,JPN,Japan,25620.0681023794,USD (PPP),World Bank
1998,JPN,Japan,25509.899595486,USD (PPP),World Bank
1999,JPN,Japan,25735.9710911517,USD (PPP),World Bank
2000,JPN,Japan,27287.2701912718,USD (PPP),World Bank
2001,JPN,Japan,27942.346651133,USD (PPP),World Bank
2002,JPN,Japan,28623.5884479367,USD (PPP),World Bank
2003,JPN,Japan,29392.2489916186,USD (PPP),World Bank
2004,JPN,Japan,30830.6584466434,USD (PPP),World Bank
2005,JPN,Japan,32169.867493646,USD (PPP),World Bank
2006,JPN,Japan,33634.6317066787,USD (PPP),World Bank
2007,JPN,Japan,35015.9865745127,USD (PPP),World Bank
2008,JPN,Japan,35273.791152156,USD (PPP),World Bank
2009,JPN,Japan,33547.2834245767,USD (PPP),World Bank
2010,JPN,Japan,35335.3735103814,USD (PPP),World Bank
2011,JPN,Japan,36214.4397740241,USD (PPP),World Bank
2012,JPN,Japan,37605.9742614539,USD (PPP),World Bank
2013,JPN,Japan,39402.0250988025,USD (PPP),World Bank
2014,JPN,Japan,39555.4120089198,USD (PPP),World Bank
2015,JPN,Japan,40906.594569246,USD (PPP),World Bank
2016,JPN,Japan,40596.9686628995,USD (PPP),World Bank
2017,JPN,Japan,41444.2157443912,USD (PPP),World Bank
2018,JPN,Japan,42141.9352987758,USD (PPP),World Bank
2019,JPN,Japan,42678.1511448354,USD (PPP),World Bank
2020,JPN,Japan,42425.6946789651,USD (PPP),World Bank
2021,JPN,Japan,44355.3487163354,USD (PPP),World Bank
2022,JPN,Japan,47395.8391565645,USD (PPP),World Bank
2023,JPN,Japan,49896.6436902018,USD (PPP),World Bank
2024,JPN,Japan,51685.038752551,USD (PPP),World Bank
1990,KOR,"Korea, Rep.",8355.3327739747,USD (PPP),World Bank
1991,KOR,"Korea, Rep.",9474.64259647045,USD (PPP),World Bank
1992,KOR,"Korea, Rep.",10184.8556645893,USD (PPP),World Bank
1993,KOR,"Korea, Rep.",11030.7119484601,USD (PPP),World Bank
1994,KOR,"Korea, Rep.",12187.2549659273,USD (PPP),World Bank
1995,KOR,"Korea, Rep.",13502.5827420794,USD (PPP),World Bank
1996,KOR,"Korea, Rep.",14694.0962445008,USD (PPP),World Bank
1997,KOR,"Korea, Rep.",15721.7056576921,USD (PPP),World Bank
1998,KOR,"Korea, Rep.",14974.6595747118,USD (PPP),World Bank
1999,KOR,"Korea, Rep.",16807.1294764195,USD (PPP),World Bank
2000,KOR,"Korea, Rep.",18538.8355325592,USD (PPP),World Bank
2001,KOR,"Korea, Rep.",19724.4259457229,USD (PPP),World Bank
2002,KOR,"Korea, Rep.",21396.8377455369,USD (PPP),World Bank
2003,KOR,"Korea, Rep.",22095.870826347,USD (PPP),World Bank
2004,KOR,"Korea, Rep.",23773.8286536781,USD (PPP),World Bank
2005,KOR,"Korea, Rep.",25186.8675668092,USD (PPP),World Bank
2006,KOR,"Korea, Rep.",26884.2673283358,USD (PPP),World Bank
2007,KOR,"Korea, Rep.",29064.9180846867,USD (PPP),World Bank
2008,KOR,"Korea, Rep.",29946.0774891302,USD (PPP),World Bank
2009,KOR,"Korea, Rep.",29508.3815060615,USD (PPP),World Bank
2010,KOR,"Korea, Rep.",31736.6284370925,USD (PPP),World Bank
2011,KOR,"Korea, Rep.",32546.7536531234,USD (PPP),World Bank
2012,KOR,"Korea, Rep.",33557.1287196434,USD (PPP),World Bank
2013,KOR,"Korea, Rep.",34244.3121393117,USD (PPP),World Bank
2014,KOR,"Korea, Rep.",35324.4976704773,USD (PPP),World Bank
2015,KOR,"Korea, Rep.",37907.5003102016,USD (PPP),World Bank
2016,KOR,"Korea, Rep.",39575.4542830031,USD (PPP),World Bank
2017,KOR,"Korea, Rep.",40957.4180587145,USD (PPP),World Bank
2018,KOR,"Korea, Rep.",43044.2917633371,USD (PPP),World Bank
2019,KOR,"Korea, Rep.",43865.0416366745,USD (PPP),World Bank
2020,KOR,"Korea, Rep.",45142.7634505403,USD (PPP),World Bank
2021,KOR,"Korea, Rep.",48419.6432513509,USD (PPP),World Bank
2022,KOR,"Korea, Rep.",51231.4530663601,USD (PPP),World Bank
2023,KOR,"Korea, Rep.",52203.9685660494,USD (PPP),World Bank
1990,MEX,Mexico,8578.16113061639,USD (PPP),World Bank
1991,MEX,Mexico,9078.92156896515,USD (PPP),World Bank
1992,MEX,Mexico,9470.00453276838,USD (PPP),World Bank
1993,MEX,Mexico,9040.82649305038,USD (PPP),World Bank
1994,MEX,Mexico,9466.25763571475,USD (PPP),World Bank
1995,MEX,Mexico,8933.08692782436,USD (PPP),World Bank
1996,MEX,Mexico,9496.10613380394,USD (PPP),World Bank
1997,MEX,Mexico,10182.5085722895,USD (PPP),World Bank
1998,MEX,Mexico,10756.2174973203,USD (PPP),World Bank
1999,MEX,Mexico,11030.5214325384,USD (PPP),World Bank
2000,MEX,Mexico,11704.3811052518,USD (PPP),World Bank
2001,MEX,Mexico,11738.7259429144,USD (PPP),World Bank
2002,MEX,Mexico,11761.8865901666,USD (PPP),World Bank
2003,MEX,Mexico,12066.1601262353,USD (PPP),World Bank
2004,MEX,Mexico,12657.8156092307,USD (PPP),World Bank
2005,MEX,Mexico,13260.2388186669,USD (PPP),World Bank
2006,MEX,Mexico,14541.6716295608,USD (PPP),World Bank
2007,MEX,Mexico,15031.86195805,USD (PPP),World Bank
2008,MEX,Mexico,15680.5761933269,USD (PPP),World Bank
2009,MEX,Mexico,15192.6241502056,USD (PPP),World Bank
2010,MEX,Mexico,15908.8603191799,USD (PPP),World Bank
2011,MEX,Mexico,17266.8129129167,USD (PPP),World Bank
2012,MEX,Mexico,18004.7935585757,USD (PPP),World Bank
2013,MEX,Mexico,18170.2647920555,USD (PPP),World Bank
2014,MEX,Mexico,18820.7991119337,USD (PPP),World Bank
2015,MEX,Mexico,19075.3384711297,USD (PPP),World Bank
2016,MEX,Mexico,20104.5839787472,USD (PPP),World Bank
2017,MEX,Mexico,20488.7150800441,USD (PPP),World Bank
2018,MEX,Mexico,20921.4775260265,USD (PPP),World Bank
2019,MEX,Mexico,20964.2774847073,USD (PPP),World Bank
2020,MEX,Mexico,19354.1248722314,USD (PPP),World Bank
2021,MEX,Mexico,20782.5877425331,USD (PPP),World Bank
2022,MEX,Mexico,23379.7338940539,USD (PPP),World Bank
2023,MEX,Mexico,24854.5822142309,USD (PPP),World Bank
2024,MEX,Mexico,25688.0964960445,USD (PPP),World Bank
1990,NLD,Netherlands,19190.2281769694,USD (PPP),World Bank
1991,NLD,Netherlands,20163.5596443119,USD (PPP),World Bank
1992,NLD,Netherlands,20816.9375757306,USD (PPP),World Bank
1993,NLD,Netherlands,21428.4829698518,USD (PPP),World Bank
1994,NLD,Netherlands,22398.6756980917,USD (PPP),World Bank
1995,NLD,Netherlands,23464.7613766528,USD (PPP),World Bank
1996,NLD,Netherlands,24554.9497106893,USD (PPP),World Bank
1997,NLD,Netherlands,26055.5217276584,USD (PPP),World Bank
1998,NLD,Netherlands,27746.9871300647,USD (PPP),World Bank
1999,NLD,Netherlands,29316.2634775738,USD (PPP),World Bank
2000,NLD,Netherlands,31887.8534610687,USD (PPP),World Bank
2001,NLD,Netherlands,33262.9823809205,USD (PPP),World Bank
2002,NLD,Netherlands,34568.4593268108,USD (PPP),World Bank
2003,NLD,Netherlands,34290.7550467807,USD (PPP),World Bank
2004,NLD,Netherlands,35965.5468021136,USD (PPP),World Bank
2005,NLD,Netherlands,37778.4864360065,USD (PPP),World Bank
2006,NLD,Netherlands,41216.8840677591,USD (PPP),World Bank
2007,NLD,Netherlands,44205.0449836126,USD (PPP),World Bank
2008,NLD,Netherlands,46714.3454301392,USD (PPP),World Bank
2009,NLD,Netherlands,44935.7457496481,USD (PPP),World Bank
2010,NLD,Netherlands,45306.3078054895,USD (PPP),World Bank
2011,NLD,Netherlands,47004.1370739062,USD (PPP),World Bank
2012,NLD,Netherlands,47653.3401651371,USD (PPP),World Bank
2013,NLD,Netherlands,49622.0519614799,USD (PPP),World Bank
2014,NLD,Netherlands,49751.3092860822,USD (PPP),World Bank
2015,NLD,Netherlands,50970.348484391,USD (PPP),World Bank
2016,NLD,Netherlands,53162.2791598028,USD (PPP),World Bank
2017,NLD,Netherlands,56037.567993606,USD (PPP),World Bank
2018,NLD,Netherlands,58819.2609142584,USD (PPP),World Bank
2019,NLD,Netherlands,62345.2538465433,USD (PPP),World Bank
2020,NLD,Netherlands,62596.6302027524,USD (PPP),World Bank
2021,NLD,Netherlands,68573.5648786446,USD (PPP),World Bank
2022,NLD,Netherlands,77152.2237613361,USD (PPP),World Bank
2023,NLD,Netherlands,78305.2888358968,USD (PPP),World Bank
2024,NLD,Netherlands,84218.4586435096,USD (PPP),World Bank
1990,POL,Poland,6180.98568849562,USD (PPP),World Bank
1991,POL,Poland,5920.67752122039,USD (PPP),World Bank
1992,POL,Poland,6188.8911984364,USD (PPP),World Bank
1993,POL,Poland,6555.73590638741,USD (PPP),World Bank
1994,POL,Poland,7035.25748356607,USD (PPP),World Bank
1995,POL,Poland,7709.49021146859,USD (PPP),World Bank
1996,POL,Poland,8307.20567234064,USD (PPP),World Bank
1997,POL,Poland,8965.01889417317,USD (PPP),World Bank
1998,POL,Poland,9520.08191844286,USD (PPP),World Bank
1999,POL,Poland,10080.6880381935,USD (PPP),World Bank
2000,POL,Poland,10718.9105404255,USD (PPP),World Bank
2001,POL,Poland,11176.4715964063,USD (PPP),World Bank
2002,POL,Poland,11841.2684087721,USD (PPP),World Bank
2003,POL,Poland,12330.4727101729,USD (PPP),World Bank
2004,POL,Poland,13414.8573934429,USD (PPP),World Bank
2005,POL,Poland,13935.5573148214,USD (PPP),World Bank
2006,POL,Poland,15208.126622577,USD (PPP),World Bank
2007,POL,Poland,16833.8522564382,USD (PPP),World Bank
2008,POL,Poland,18372.37645483,USD (PPP),World Bank
2009,POL,Poland,19290.1204717828,USD (PPP),World Bank
2010,POL,Poland,20993.2495602577,USD (PPP),World Bank
2011,POL,Poland,22808.5055268899,USD (PPP),World Bank
2012,POL,Poland,23728.1456821435,USD (PPP),World Bank
2013,POL,Poland,24433.8914344877,USD (PPP),World Bank
2014,POL,Poland,25459.7392273761,USD (PPP),World Bank
2015,POL,Poland,26995.3408713745,USD (PPP),World Bank
2016,POL,Poland,28359.6927346266,USD (PPP),World Bank
2017,POL,Poland,30170.2818974087,USD (PPP),World Bank
2018,POL,Poland,32345.1066076225,USD (PPP),World Bank
2019,POL,Poland,35882.3655065553,USD (PPP),World Bank
2020,POL,Poland,37089.3004256812,USD (PPP),World Bank
2021,POL,Poland,41059.5847829682,USD (PPP),World Bank
2022,POL,Poland,46077.3855556036,USD (PPP),World Bank
2023,POL,Poland,46757.5401841254,USD (PPP),World Bank
2024,POL,Poland,50378.0641849255,USD (PPP),World Bank
1990,SAU,Saudi Arabia,46214.2031328244,USD (PPP),World Bank
1991,SAU,Saudi Arabia,49295.4588830589,USD (PPP),World Bank
1992,SAU,Saudi Arabia,50355.3902272741,USD (PPP),World Bank
1993,SAU,Saudi Arabia,49503.2160729484,USD (PPP),World Bank
1994,SAU,Saudi Arabia,48903.5633648868,USD (PPP),World Bank
1995,SAU,Saudi Arabia,48052.3935813669,USD (PPP),World Bank
1996,SAU,Saudi Arabia,48569.1476184307,USD (PPP),World Bank
1997,SAU,Saudi Arabia,48795.6568426835,USD (PPP),World Bank
1998,SAU,Saudi Arabia,48867.2343493853,USD (PPP),World Bank
1999,SAU,Saudi Arabia,47494.6500012704,USD (PPP),World Bank
2000,SAU,Saudi Arabia,48643.5914969922,USD (PPP),World Bank
2001,SAU,Saudi Arabia,47380.7878428477,USD (PPP),World Bank
2002,SAU,Saudi Arabia,45466.0110734721,USD (PPP),World Bank
2003,SAU,Saudi Arabia,48078.1030737004,USD (PPP),World Bank
2004,SAU,Saudi Arabia,51225.309265116,USD (PPP),World Bank
2005,SAU,Saudi Arabia,53548.1791867027,USD (PPP),World Bank
2006,SAU,Saudi Arabia,54638.7412342115,USD (PPP),World Bank
2007,SAU,Saudi Arabia,55029.8534291175,USD (PPP),World Bank
2008,SAU,Saudi Arabia,57236.0334591266,USD (PPP),World Bank
2009,SAU,Saudi Arabia,54787.3375051519,USD (PPP),World Bank
2010,SAU,Saudi Arabia,58828.7075224838,USD (PPP),World Bank
2011,SAU,Saudi Arabia,64125.2177225838,USD (PPP),World Bank
2012,SAU,Saudi Arabia,65033.6161818077,USD (PPP),World Bank
2013,SAU,Saudi Arabia,62202.8859202572,USD (PPP),World Bank
2014,SAU,Saudi Arabia,62578.0708415156,USD (PPP),World Bank
2015,SAU,Saudi Arabia,53930.8273872622,USD (PPP),World Bank
2016,SAU,Saudi Arabia,49937.0668103808,USD (PPP),World Bank
2017,SAU,Saudi Arabia,53120.4572456269,USD (PPP),World Bank
2018,SAU,Saudi Arabia,59377.8025368768,USD (PPP),World Bank
2019,SAU,Saudi Arabia,59560.2537904546,USD (PPP),World Bank
2020,SAU,Saudi Arabia,47518.4877485153,USD (PPP),World Bank
2021,SAU,Saudi Arabia,62690.4966645929,USD (PPP),World Bank
2022,SAU,Saudi Arabia,71968.074955888,USD (PPP),World Bank
2023,SAU,Saudi Arabia,71564.800028565,USD (PPP),World Bank
2024,SAU,Saudi Arabia,71243.4311791406,USD (PPP),World Bank
1990,TUR,Turkey,8205.26139435812,USD (PPP),World Bank
1991,TUR,Turkey,8412.97935758758,USD (PPP),World Bank
1992,TUR,Turkey,8967.10170128015,USD (PPP),World Bank
1993,TUR,Turkey,9748.07509513235,USD (PPP),World Bank
1994,TUR,Turkey,9251.95750667244,USD (PPP),World Bank
1995,TUR,Turkey,9960.45255974871,USD (PPP),World Bank
1996,TUR,Turkey,10675.6712413931,USD (PPP),World Bank
1997,TUR,Turkey,11489.8179492523,USD (PPP),World Bank
1998,TUR,Turkey,8759.17249981723,USD (PPP),World Bank
1999,TUR,Turkey,8461.29366626972,USD (PPP),World Bank
2000,TUR,Turkey,9308.41965620447,USD (PPP),World Bank
2001,TUR,Turkey,8995.30931947397,USD (PPP),World Bank
2002,TUR,Turkey,9134.34120753436,USD (PPP),World Bank
2003,TUR,Turkey,9451.28458323038,USD (PPP),World Bank
2004,TUR,Turkey,10726.8964183186,USD (PPP),World Bank
2005,TUR,Turkey,11756.9310277156,USD (PPP),World Bank
2006,TUR,Turkey,13495.4269002759,USD (PPP),World Bank
2007,TUR,Turkey,14866.4277095189,USD (PPP),World Bank
2008,TUR,Turkey,16038.2956212622,USD (PPP),World Bank
2009,TUR,Turkey,15442.1173152348,USD (PPP),World Bank
2010,TUR,Turkey,17343.6771298998,USD (PPP),World Bank
2011,TUR,Turkey,19590.9510387254,USD (PPP),World Bank
2012,TUR,Turkey,20627.4920606022,USD (PPP),World Bank
2013,TUR,Turkey,22373.2465583744,USD (PPP),World Bank
2014,TUR,Turkey,24105.0237978098,USD (PPP),World Bank
2015,TUR,Turkey,25862.6846048907,USD (PPP),World Bank
2016,TUR,Turkey,26695.915689876,USD (PPP),World Bank
2017,TUR,Turkey,28193.1744851997,USD (PPP),World Bank
2018,TUR,Turkey,28299.395541248,USD (PPP),World Bank
2019,TUR,Turkey,28461.1778708152,USD (PPP),World Bank
2020,TUR,Turkey,28680.2006288764,USD (PPP),World Bank
2021,TUR,Turkey,31338.2665190246,USD (PPP),World Bank
2022,TUR,Turkey,39101.0748100515,USD (PPP),World Bank
2023,TUR,Turkey,42326.1644386964,USD (PPP),World Bank
2024,TUR,Turkey,43932.0822203006,USD (PPP),World Bank
1990,USA,United States,23888.6000088133,USD (PPP),World Bank
1991,USA,United States,24342.2589048189,USD (PPP),World Bank
1992,USA,United States,25418.9907763319,USD (PPP),World Bank
1993,USA,United States,26387.2937338171,USD (PPP),World Bank
1994,USA,United States,27694.853416234,USD (PPP),World Bank
1995,USA,United States,28690.8757013347,USD (PPP),World Bank
1996,USA,United States,29967.7127181748,USD (PPP),World Bank
1997,USA,United States,31459.1299691554,USD (PPP),World Bank
1998,USA,United States,32853.6725949234,USD (PPP),World Bank
1999,USA,United States,34515.3813073394,USD (PPP),World Bank
2000,USA,United States,36329.9702595751,USD (PPP),World Bank
2001,USA,United States,37133.6203973517,USD (PPP),World Bank
2002,USA,United States,37997.7424300242,USD (PPP),World Bank
2003,USA,United States,39490.3023903176,USD (PPP),World Bank
2004,USA,United States,41724.6411982614,USD (PPP),World Bank
2005,USA,United States,44123.3996470026,USD (PPP),World Bank
2006,USA,United States,46301.9876485519,USD (PPP),World Bank
2007,USA,United States,48050.227412195,USD (PPP),World Bank
2008,USA,United States,48570.0594269601,USD (PPP),World Bank
2009,USA,United States,47194.9500893872,USD (PPP),World Bank
2010,USA,United States,48642.6312088213,USD (PPP),World Bank
2011,USA,United States,50024.8812320773,USD (PPP),World Bank
2012,USA,United States,51708.3940614082,USD (PPP),World Bank
2013,USA,United States,53297.3862901595,USD (PPP),World Bank
2014,USA,United States,55153.3940182967,USD (PPP),World Bank
2015,USA,United States,56849.4697923159,USD (PPP),World Bank
2016,USA,United States,57976.628204291,USD (PPP),World Bank
2017,USA,United States,60047.7190728307,USD (PPP),World Bank
2018,USA,United States,62875.6661382728,USD (PPP),World Bank
2019,USA,United States,65227.9565911035,USD (PPP),World Bank
2020,USA,United States,64401.5074354209,USD (PPP),World Bank
2021,USA,United States,71307.4017277218,USD (PPP),World Bank
2022,USA,United States,77860.9112908848,USD (PPP),World Bank
2023,USA,United States,82304.6204272866,USD (PPP),World Bank
2024,USA,United States,85809.9003846359,USD (PPP),World Bank
