﻿year,country_code,country_name,value,unit,source
1990,AUS,Australia,36205.2747932163,USD (constant 2017 PPP),World Bank
1991,AUS,Australia,35610.0775859051,USD (constant 2017 PPP),World Bank
1992,AUS,Australia,35364.4277458853,USD (constant 2017 PPP),World Bank
1993,AUS,Australia,36469.6705839561,USD (constant 2017 PPP),World Bank
1994,AUS,Australia,37557.8409308368,USD (constant 2017 PPP),World Bank
1995,AUS,Australia,38585.1726835041,USD (constant 2017 PPP),World Bank
1996,AUS,Australia,39592.5362122889,USD (constant 2017 PPP),World Bank
1997,AUS,Australia,40699.1182042282,USD (constant 2017 PPP),World Bank
1998,AUS,Australia,42174.5352372581,USD (constant 2017 PPP),World Bank
1999,AUS,Australia,43813.0026695656,USD (constant 2017 PPP),World Bank
2000,AUS,Australia,45013.0099535152,USD (constant 2017 PPP),World Bank
2001,AUS,Australia,45338.6834259568,USD (constant 2017 PPP),World Bank
2002,AUS,Australia,46609.7441798787,USD (constant 2017 PPP),World Bank
2003,AUS,Australia,47500.8351163647,USD (constant 2017 PPP),World Bank
2004,AUS,Australia,48980.8931754432,USD (constant 2017 PPP),World Bank
2005,AUS,Australia,49914.5146351829,USD (constant 2017 PPP),World Bank
2006,AUS,Australia,50602.3502510337,USD (constant 2017 PPP),World Bank
2007,AUS,Australia,51562.094012556,USD (constant 2017 PPP),World Bank
2008,AUS,Australia,52351.5870495814,USD (constant 2017 PPP),World Bank
2009,AUS,Australia,52254.3227326852,USD (constant 2017 PPP),World Bank
2010,AUS,Australia,52589.8182081922,USD (constant 2017 PPP),World Bank
2011,AUS,Australia,53112.5328692855,USD (constant 2017 PPP),World Bank
2012,AUS,Australia,54237.5919075866,USD (constant 2017 PPP),World Bank
2013,AUS,Australia,54699.3516156156,USD (constant 2017 PPP),World Bank
2014,AUS,Australia,55288.1153378005,USD (constant 2017 PPP),World Bank
2015,AUS,Australia,55691.6988499962,USD (constant 2017 PPP),World Bank
2016,AUS,Australia,56341.5181616503,USD (constant 2017 PPP),World Bank
2017,AUS,Australia,56684.6473338143,USD (constant 2017 PPP),World Bank
2018,AUS,Australia,57450.3810363952,USD (constant 2017 PPP),World Bank
2019,AUS,Australia,57837.0606876407,USD (constant 2017 PPP),World Bank
2020,AUS,Australia,57059.7436441324,USD (constant 2017 PPP),World Bank
2021,AUS,Australia,58182.3369477501,USD (constant 2017 PPP),World Bank
2022,AUS,Australia,59883.6470356073,USD (constant 2017 PPP),World Bank
2023,AUS,Australia,60461.1563966999,USD (constant 2017 PPP),World Bank
2024,AUS,Australia,60082.005786975,USD (constant 2017 PPP),World Bank
1990,BRA,Brazil,12633.2884560597,USD (constant 2017 PPP),World Bank
1991,BRA,Brazil,12546.5605005559,USD (constant 2017 PPP),World Bank
1992,BRA,Brazil,12271.9788478727,USD (constant 2017 PPP),World Bank
1993,BRA,Brazil,12669.4287209749,USD (constant 2017 PPP),World Bank
1994,BRA,Brazil,13202.9308011881,USD (constant 2017 PPP),World Bank
1995,BRA,Brazil,13550.4393735843,USD (constant 2017 PPP),World Bank
1996,BRA,Brazil,13641.6295995961,USD (constant 2017 PPP),World Bank
1997,BRA,Brazil,13896.6249901072,USD (constant 2017 PPP),World Bank
1998,BRA,Brazil,13737.7026433556,USD (constant 2017 PPP),World Bank
1999,BRA,Brazil,13602.4137067874,USD (constant 2017 PPP),World Bank
2000,BRA,Brazil,14005.3471874231,USD (constant 2017 PPP),World Bank
2001,BRA,Brazil,14016.1313772236,USD (constant 2017 PPP),World Bank
2002,BRA,Brazil,14265.9048770292,USD (constant 2017 PPP),World Bank
2003,BRA,Brazil,14259.3664089322,USD (constant 2017 PPP),World Bank
2004,BRA,Brazil,14911.2609608592,USD (constant 2017 PPP),World Bank
2005,BRA,Brazil,15221.0138281541,USD (constant 2017 PPP),World Bank
2006,BRA,Brazil,15657.4795716983,USD (constant 2017 PPP),World Bank
2007,BRA,Brazil,16440.583740032,USD (constant 2017 PPP),World Bank
2008,BRA,Brazil,17113.3679822643,USD (constant 2017 PPP),World Bank
2009,BRA,Brazil,16939.4407810328,USD (constant 2017 PPP),World Bank
2010,BRA,Brazil,18062.1581103659,USD (constant 2017 PPP),World Bank
2011,BRA,Brazil,18627.8104529397,USD (constant 2017 PPP),World Bank
2012,BRA,Brazil,18832.2195527075,USD (constant 2017 PPP),World Bank
2013,BRA,Brazil,19241.5059815726,USD (constant 2017 PPP),World Bank
2014,BRA,Brazil,19183.172744636,USD (constant 2017 PPP),World Bank
2015,BRA,Brazil,18357.0690617991,USD (constant 2017 PPP),World Bank
2016,BRA,Brazil,17620.9272434136,USD (constant 2017 PPP),World Bank
2017,BRA,Brazil,17724.4799577784,USD (constant 2017 PPP),World Bank
2018,BRA,Brazil,17917.7492123359,USD (constant 2017 PPP),World Bank
2019,BRA,Brazil,18018.6209151518,USD (constant 2017 PPP),World Bank
2020,BRA,Brazil,17327.5157249466,USD (constant 2017 PPP),World Bank
2021,BRA,Brazil,18075.7060049068,USD (constant 2017 PPP),World Bank
2022,BRA,Brazil,18554.0461828566,USD (constant 2017 PPP),World Bank
2023,BRA,Brazil,19079.8122134028,USD (constant 2017 PPP),World Bank
2024,BRA,Brazil,19647.9096329925,USD (constant 2017 PPP),World Bank
1990,CAN,Canada,40475.1123914259,USD (constant 2017 PPP),World Bank
1991,CAN,Canada,39139.3122852292,USD (constant 2017 PPP),World Bank
1992,CAN,Canada,39023.182197815,USD (constant 2017 PPP),World Bank
1993,CAN,Canada,39622.4790617509,USD (constant 2017 PPP),World Bank
1994,CAN,Canada,40952.1359325297,USD (constant 2017 PPP),World Bank
1995,CAN,Canada,41617.7233238779,USD (constant 2017 PPP),World Bank
1996,CAN,Canada,41880.5520989428,USD (constant 2017 PPP),World Bank
1997,CAN,Canada,43241.2407061887,USD (constant 2017 PPP),World Bank
1998,CAN,Canada,44553.2827303697,USD (constant 2017 PPP),World Bank
1999,CAN,Canada,46464.5457841559,USD (constant 2017 PPP),World Bank
2000,CAN,Canada,48399.3055389359,USD (constant 2017 PPP),World Bank
2001,CAN,Canada,48774.1675534138,USD (constant 2017 PPP),World Bank
2002,CAN,Canada,49695.0066909867,USD (constant 2017 PPP),World Bank
2003,CAN,Canada,50139.7862347007,USD (constant 2017 PPP),World Bank
2004,CAN,Canada,51210.6796118735,USD (constant 2017 PPP),World Bank
2005,CAN,Canada,52356.5578038534,USD (constant 2017 PPP),World Bank
2006,CAN,Canada,53195.781842155,USD (constant 2017 PPP),World Bank
2007,CAN,Canada,53761.8620298113,USD (constant 2017 PPP),World Bank
2008,CAN,Canada,53711.6792064975,USD (constant 2017 PPP),World Bank
2009,CAN,Canada,51552.4223837895,USD (constant 2017 PPP),World Bank
2010,CAN,Canada,52558.4408142168,USD (constant 2017 PPP),World Bank
2011,CAN,Canada,53681.1296700569,USD (constant 2017 PPP),World Bank
2012,CAN,Canada,54034.8034751988,USD (constant 2017 PPP),World Bank
2013,CAN,Canada,54712.178423981,USD (constant 2017 PPP),World Bank
2014,CAN,Canada,55723.4835404159,USD (constant 2017 PPP),World Bank
2015,CAN,Canada,55660.8675272614,USD (constant 2017 PPP),World Bank
2016,CAN,Canada,55606.1549191947,USD (constant 2017 PPP),World Bank
2017,CAN,Canada,56612.3285367448,USD (constant 2017 PPP),World Bank
2018,CAN,Canada,57337.4909099991,USD (constant 2017 PPP),World Bank
2019,CAN,Canada,57583.845798092,USD (constant 2017 PPP),World Bank
2020,CAN,Canada,54092.8790317796,USD (constant 2017 PPP),World Bank
2021,CAN,Canada,56995.1176781351,USD (constant 2017 PPP),World Bank
2022,CAN,Canada,58321.0611834624,USD (constant 2017 PPP),World Bank
2023,CAN,Canada,57517.4431587432,USD (constant 2017 PPP),World Bank
2024,CAN,Canada,56691.9070100503,USD (constant 2017 PPP),World Bank
1990,CHE,Switzerland,64010.7585544032,USD (constant 2017 PPP),World Bank
1991,CHE,Switzerland,62636.7741067256,USD (constant 2017 PPP),World Bank
1992,CHE,Switzerland,61922.8908444333,USD (constant 2017 PPP),World Bank
1993,CHE,Switzerland,61284.2042587758,USD (constant 2017 PPP),World Bank
1994,CHE,Switzerland,61569.5965405613,USD (constant 2017 PPP),World Bank
1995,CHE,Switzerland,61453.6297020666,USD (constant 2017 PPP),World Bank
1996,CHE,Switzerland,61471.1689633393,USD (constant 2017 PPP),World Bank
1997,CHE,Switzerland,62709.9871171841,USD (constant 2017 PPP),World Bank
1998,CHE,Switzerland,64418.3857592838,USD (constant 2017 PPP),World Bank
1999,CHE,Switzerland,65177.8822005074,USD (constant 2017 PPP),World Bank
2000,CHE,Switzerland,67378.3901472877,USD (constant 2017 PPP),World Bank
2001,CHE,Switzerland,68008.3441852855,USD (constant 2017 PPP),World Bank
2002,CHE,Switzerland,67446.4044310268,USD (constant 2017 PPP),World Bank
2003,CHE,Switzerland,66926.167976443,USD (constant 2017 PPP),World Bank
2004,CHE,Switzerland,68263.4411390817,USD (constant 2017 PPP),World Bank
2005,CHE,Switzerland,69692.5954827493,USD (constant 2017 PPP),World Bank
2006,CHE,Switzerland,72077.8598470308,USD (constant 2017 PPP),World Bank
2007,CHE,Switzerland,74234.3010991931,USD (constant 2017 PPP),World Bank
2008,CHE,Switzerland,75355.202488789,USD (constant 2017 PPP),World Bank
2009,CHE,Switzerland,72709.8138293408,USD (constant 2017 PPP),World Bank
2010,CHE,Switzerland,74290.2619629278,USD (constant 2017 PPP),World Bank
2011,CHE,Switzerland,74800.8886353533,USD (constant 2017 PPP),World Bank
2012,CHE,Switzerland,74883.6158924249,USD (constant 2017 PPP),World Bank
2013,CHE,Switzerland,75354.1550500884,USD (constant 2017 PPP),World Bank
2014,CHE,Switzerland,76189.6018443969,USD (constant 2017 PPP),World Bank
2015,CHE,Switzerland,76566.0772542148,USD (constant 2017 PPP),World Bank
2016,CHE,Switzerland,77301.2124304857,USD (constant 2017 PPP),World Bank
2017,CHE,Switzerland,77626.9027376941,USD (constant 2017 PPP),World Bank
2018,CHE,Switzerland,79261.3563641288,USD (constant 2017 PPP),World Bank
2019,CHE,Switzerland,79596.7029465098,USD (constant 2017 PPP),World Bank
2020,CHE,Switzerland,77324.8870934007,USD (constant 2017 PPP),World Bank
2021,CHE,Switzerland,81001.4111206118,USD (constant 2017 PPP),World Bank
2022,CHE,Switzerland,82777.293582076,USD (constant 2017 PPP),World Bank
2023,CHE,Switzerland,82302.0491822579,USD (constant 2017 PPP),World Bank
2024,CHE,Switzerland,82026.4087304591,USD (constant 2017 PPP),World Bank
1990,CHN,China,1666.92774090575,USD (constant 2017 PPP),World Bank
1991,CHN,China,1798.27610528653,USD (constant 2017 PPP),World Bank
1992,CHN,China,2030.38636999332,USD (constant 2017 PPP),World Bank
1993,CHN,China,2286.75974444182,USD (constant 2017 PPP),World Bank
1994,CHN,China,2556.64057218097,USD (constant 2017 PPP),World Bank
1995,CHN,China,2808.03403089611,USD (constant 2017 PPP),World Bank
1996,CHN,China,3055.96977919745,USD (constant 2017 PPP),World Bank
1997,CHN,China,3305.79061082131,USD (constant 2017 PPP),World Bank
1998,CHN,China,3533.56587021506,USD (constant 2017 PPP),World Bank
1999,CHN,China,3774.13766362641,USD (constant 2017 PPP),World Bank
2000,CHN,China,4066.03627019859,USD (constant 2017 PPP),World Bank
2001,CHN,China,4372.15705579934,USD (constant 2017 PPP),World Bank
2002,CHN,China,4744.39855079794,USD (constant 2017 PPP),World Bank
2003,CHN,China,5192.00604608587,USD (constant 2017 PPP),World Bank
2004,CHN,China,5684.16873050981,USD (constant 2017 PPP),World Bank
2005,CHN,China,6298.32318474516,USD (constant 2017 PPP),World Bank
2006,CHN,China,7057.09993331646,USD (constant 2017 PPP),World Bank
2007,CHN,China,8013.71568302247,USD (constant 2017 PPP),World Bank
2008,CHN,China,8743.74491232188,USD (constant 2017 PPP),World Bank
2009,CHN,China,9518.43214737204,USD (constant 2017 PPP),World Bank
2010,CHN,China,10476.3123630451,USD (constant 2017 PPP),World Bank
2011,CHN,China,11405.0172845617,USD (constant 2017 PPP),World Bank
2012,CHN,China,12217.8543175465,USD (constant 2017 PPP),World Bank
2013,CHN,China,13080.8288162668,USD (constant 2017 PPP),World Bank
2014,CHN,China,13968.581485524,USD (constant 2017 PPP),World Bank
2015,CHN,China,14856.7807604461,USD (constant 2017 PPP),World Bank
2016,CHN,China,15772.7647598696,USD (constant 2017 PPP),World Bank
2017,CHN,China,16757.9736318662,USD (constant 2017 PPP),World Bank
2018,CHN,China,17806.7902349725,USD (constant 2017 PPP),World Bank
2019,CHN,China,18820.5131033646,USD (constant 2017 PPP),World Bank
2020,CHN,China,19215.1541703465,USD (constant 2017 PPP),World Bank
2021,CHN,China,20843.2978347377,USD (constant 2017 PPP),World Bank
2022,CHN,China,21499.3822834427,USD (constant 2017 PPP),World Bank
2023,CHN,China,22687.0758723942,USD (constant 2017 PPP),World Bank
2024,CHN,China,23845.6197217259,USD (constant 2017 PPP),World Bank
1990,DEU,Germany,42373.5294799642,USD (constant 2017 PPP),World Bank
1991,DEU,Germany,44214.7525746781,USD (constant 2017 PPP),World Bank
1992,DEU,Germany,44763.6627655452,USD (constant 2017 PPP),World Bank
1993,DEU,Germany,44037.5239185785,USD (constant 2017 PPP),World Bank
1994,DEU,Germany,45024.9926723959,USD (constant 2017 PPP),World Bank
1995,DEU,Germany,45568.6761456875,USD (constant 2017 PPP),World Bank
1996,DEU,Germany,45908.6634208239,USD (constant 2017 PPP),World Bank
1997,DEU,Germany,46691.8189004002,USD (constant 2017 PPP),World Bank
1998,DEU,Germany,47663.3362699388,USD (constant 2017 PPP),World Bank
1999,DEU,Germany,48647.1678973791,USD (constant 2017 PPP),World Bank
2000,DEU,Germany,49979.1331725952,USD (constant 2017 PPP),World Bank
2001,DEU,Germany,50711.6804711795,USD (constant 2017 PPP),World Bank
2002,DEU,Germany,50510.9059526937,USD (constant 2017 PPP),World Bank
2003,DEU,Germany,50215.4253930358,USD (constant 2017 PPP),World Bank
2004,DEU,Germany,50810.1431030412,USD (constant 2017 PPP),World Bank
2005,DEU,Germany,51289.2800426687,USD (constant 2017 PPP),World Bank
2006,DEU,Germany,53326.9769360948,USD (constant 2017 PPP),World Bank
2007,DEU,Germany,54941.6017527234,USD (constant 2017 PPP),World Bank
2008,DEU,Germany,55547.3107476973,USD (constant 2017 PPP),World Bank
2009,DEU,Germany,52600.2325169242,USD (constant 2017 PPP),World Bank
2010,DEU,Germany,54865.4305267761,USD (constant 2017 PPP),World Bank
2011,DEU,Germany,57992.3667447647,USD (constant 2017 PPP),World Bank
2012,DEU,Germany,58158.1379700188,USD (constant 2017 PPP),World Bank
2013,DEU,Germany,58223.6495302747,USD (constant 2017 PPP),World Bank
2014,DEU,Germany,59239.3401017561,USD (constant 2017 PPP),World Bank
2015,DEU,Germany,59699.3381223014,USD (constant 2017 PPP),World Bank
2016,DEU,Germany,60578.2870698037,USD (constant 2017 PPP),World Bank
2017,DEU,Germany,61991.4973083418,USD (constant 2017 PPP),World Bank
2018,DEU,Germany,62495.4989453146,USD (constant 2017 PPP),World Bank
2019,DEU,Germany,62970.7160913279,USD (constant 2017 PPP),World Bank
2020,DEU,Germany,60342.6627037391,USD (constant 2017 PPP),World Bank
2021,DEU,Germany,62530.7653199239,USD (constant 2017 PPP),World Bank
2022,DEU,Germany,62931.9684095826,USD (constant 2017 PPP),World Bank
2023,DEU,Germany,62686.5408495937,USD (constant 2017 PPP),World Bank
2024,DEU,Germany,62829.7960031194,USD (constant 2017 PPP),World Bank
1990,ESP,Spain,31773.2267420042,USD (constant 2017 PPP),World Bank
1991,ESP,Spain,32499.3481371902,USD (constant 2017 PPP),World Bank
1992,ESP,Spain,32641.082719936,USD (constant 2017 PPP),World Bank
1993,ESP,Spain,32137.3138437727,USD (constant 2017 PPP),World Bank
1994,ESP,Spain,32746.9287826598,USD (constant 2017 PPP),World Bank
1995,ESP,Spain,33501.7314182929,USD (constant 2017 PPP),World Bank
1996,ESP,Spain,34232.3786868602,USD (constant 2017 PPP),World Bank
1997,ESP,Spain,35312.0862854389,USD (constant 2017 PPP),World Bank
1998,ESP,Spain,36679.0942334698,USD (constant 2017 PPP),World Bank
1999,ESP,Spain,38141.316878689,USD (constant 2017 PPP),World Bank
2000,ESP,Spain,39945.8971298178,USD (constant 2017 PPP),World Bank
2001,ESP,Spain,41224.2924057393,USD (constant 2017 PPP),World Bank
2002,ESP,Spain,41766.0378188791,USD (constant 2017 PPP),World Bank
2003,ESP,Spain,42223.130174522,USD (constant 2017 PPP),World Bank
2004,ESP,Spain,42793.3902326006,USD (constant 2017 PPP),World Bank
2005,ESP,Spain,43570.7652574033,USD (constant 2017 PPP),World Bank
2006,ESP,Spain,44572.6815459931,USD (constant 2017 PPP),World Bank
2007,ESP,Spain,45301.2843416374,USD (constant 2017 PPP),World Bank
2008,ESP,Spain,44926.348951812,USD (constant 2017 PPP),World Bank
2009,ESP,Spain,42852.220888454,USD (constant 2017 PPP),World Bank
2010,ESP,Spain,42695.5274189933,USD (constant 2017 PPP),World Bank
2011,ESP,Spain,42271.8346788238,USD (constant 2017 PPP),World Bank
2012,ESP,Spain,41034.0481566356,USD (constant 2017 PPP),World Bank
2013,ESP,Spain,40594.914008768,USD (constant 2017 PPP),World Bank
2014,ESP,Spain,41339.4111169417,USD (constant 2017 PPP),World Bank
2015,ESP,Spain,43053.761430314,USD (constant 2017 PPP),World Bank
2016,ESP,Spain,44274.6676149922,USD (constant 2017 PPP),World Bank
2017,ESP,Spain,45446.2508575695,USD (constant 2017 PPP),World Bank
2018,ESP,Spain,46325.2099441141,USD (constant 2017 PPP),World Bank
2019,ESP,Spain,46896.4171141424,USD (constant 2017 PPP),World Bank
2020,ESP,Spain,41553.4477945675,USD (constant 2017 PPP),World Bank
2021,ESP,Spain,44251.6658222621,USD (constant 2017 PPP),World Bank
2022,ESP,Spain,46649.5635364824,USD (constant 2017 PPP),World Bank
2023,ESP,Spain,47341.1717852534,USD (constant 2017 PPP),World Bank
2024,ESP,Spain,48373.0455699185,USD (constant 2017 PPP),World Bank
1990,FRA,France,38655.8856842914,USD (constant 2017 PPP),World Bank
1991,FRA,France,38937.9522513749,USD (constant 2017 PPP),World Bank
1992,FRA,France,39331.9041920718,USD (constant 2017 PPP),World Bank
1993,FRA,France,39020.6141584284,USD (constant 2017 PPP),World Bank
1994,FRA,France,39801.3888979817,USD (constant 2017 PPP),World Bank
1995,FRA,France,40570.7169560557,USD (constant 2017 PPP),World Bank
1996,FRA,France,40990.7395148125,USD (constant 2017 PPP),World Bank
1997,FRA,France,41876.9330265158,USD (constant 2017 PPP),World Bank
1998,FRA,France,43162.5423856938,USD (constant 2017 PPP),World Bank
1999,FRA,France,44400.1357889191,USD (constant 2017 PPP),World Bank
2000,FRA,France,45922.4789363701,USD (constant 2017 PPP),World Bank
2001,FRA,France,46454.8706927365,USD (constant 2017 PPP),World Bank
2002,FRA,France,46610.7820717214,USD (constant 2017 PPP),World Bank
2003,FRA,France,46730.975806379,USD (constant 2017 PPP),World Bank
2004,FRA,France,47720.4413351103,USD (constant 2017 PPP),World Bank
2005,FRA,France,48257.4650937971,USD (constant 2017 PPP),World Bank
2006,FRA,France,49223.247197008,USD (constant 2017 PPP),World Bank
2007,FRA,France,50157.7837477634,USD (constant 2017 PPP),World Bank
2008,FRA,France,50068.2969141379,USD (constant 2017 PPP),World Bank
2009,FRA,France,48404.9657826363,USD (constant 2017 PPP),World Bank
2010,FRA,France,49130.422942344,USD (constant 2017 PPP),World Bank
2011,FRA,France,50085.6829779109,USD (constant 2017 PPP),World Bank
2012,FRA,France,49935.6269081617,USD (constant 2017 PPP),World Bank
2013,FRA,France,50066.5304324783,USD (constant 2017 PPP),World Bank
2014,FRA,France,50326.567863089,USD (constant 2017 PPP),World Bank
2015,FRA,France,50682.8953586333,USD (constant 2017 PPP),World Bank
2016,FRA,France,50984.075297832,USD (constant 2017 PPP),World Bank
2017,FRA,France,51895.5662985838,USD (constant 2017 PPP),World Bank
2018,FRA,France,52560.9536243841,USD (constant 2017 PPP),World Bank
2019,FRA,France,53448.5548849943,USD (constant 2017 PPP),World Bank
2020,FRA,France,49311.333409639,USD (constant 2017 PPP),World Bank
2021,FRA,France,52517.3354905855,USD (constant 2017 PPP),World Bank
2022,FRA,France,53691.6174870768,USD (constant 2017 PPP),World Bank
2023,FRA,France,54017.8741725591,USD (constant 2017 PPP),World Bank
2024,FRA,France,54464.9816695754,USD (constant 2017 PPP),World Bank
1990,GBR,United Kingdom,34307.9389203036,USD (constant 2017 PPP),World Bank
1991,GBR,United Kingdom,33824.7164696843,USD (constant 2017 PPP),World Bank
1992,GBR,United Kingdom,33868.6659567157,USD (constant 2017 PPP),World Bank
1993,GBR,United Kingdom,34628.8178663815,USD (constant 2017 PPP),World Bank
1994,GBR,United Kingdom,35869.2108760814,USD (constant 2017 PPP),World Bank
1995,GBR,United Kingdom,36680.1361095979,USD (constant 2017 PPP),World Bank
1996,GBR,United Kingdom,37531.528034176,USD (constant 2017 PPP),World Bank
1997,GBR,United Kingdom,39278.5302449758,USD (constant 2017 PPP),World Bank
1998,GBR,United Kingdom,40496.8619543731,USD (constant 2017 PPP),World Bank
1999,GBR,United Kingdom,41596.4703790327,USD (constant 2017 PPP),World Bank
2000,GBR,United Kingdom,43247.6363841289,USD (constant 2017 PPP),World Bank
2001,GBR,United Kingdom,44189.8549094421,USD (constant 2017 PPP),World Bank
2002,GBR,United Kingdom,44793.3260796919,USD (constant 2017 PPP),World Bank
2003,GBR,United Kingdom,45990.7158894902,USD (constant 2017 PPP),World Bank
2004,GBR,United Kingdom,46853.7925502931,USD (constant 2017 PPP),World Bank
2005,GBR,United Kingdom,47804.7852704727,USD (constant 2017 PPP),World Bank
2006,GBR,United Kingdom,48584.4359655863,USD (constant 2017 PPP),World Bank
2007,GBR,United Kingdom,49472.9859832834,USD (constant 2017 PPP),World Bank
2008,GBR,United Kingdom,48963.0231634107,USD (constant 2017 PPP),World Bank
2009,GBR,United Kingdom,46348.7534285525,USD (constant 2017 PPP),World Bank
2010,GBR,United Kingdom,47013.8824059552,USD (constant 2017 PPP),World Bank
2011,GBR,United Kingdom,47178.9199174847,USD (constant 2017 PPP),World Bank
2012,GBR,United Kingdom,47550.942852854,USD (constant 2017 PPP),World Bank
2013,GBR,United Kingdom,48083.8034269041,USD (constant 2017 PPP),World Bank
2014,GBR,United Kingdom,49250.5599904054,USD (constant 2017 PPP),World Bank
2015,GBR,United Kingdom,49983.3485901235,USD (constant 2017 PPP),World Bank
2016,GBR,United Kingdom,50540.8797670822,USD (constant 2017 PPP),World Bank
2017,GBR,United Kingdom,51601.140444708,USD (constant 2017 PPP),World Bank
2018,GBR,United Kingdom,52071.2696607082,USD (constant 2017 PPP),World Bank
2019,GBR,United Kingdom,52645.5441982903,USD (constant 2017 PPP),World Bank
2020,GBR,United Kingdom,47144.7221502814,USD (constant 2017 PPP),World Bank
2021,GBR,United Kingdom,51004.4271714238,USD (constant 2017 PPP),World Bank
2022,GBR,United Kingdom,52982.1749240341,USD (constant 2017 PPP),World Bank
2023,GBR,United Kingdom,52502.915327751,USD (constant 2017 PPP),World Bank
2024,GBR,United Kingdom,52517.9848574945,USD (constant 2017 PPP),World Bank
1990,IDN,Indonesia,4873.05380133263,USD (constant 2017 PPP),World Bank
1991,IDN,Indonesia,5118.46789591815,USD (constant 2017 PPP),World Bank
1992,IDN,Indonesia,5357.3758979759,USD (constant 2017 PPP),World Bank
1993,IDN,Indonesia,5609.15178814269,USD (constant 2017 PPP),World Bank
1994,IDN,Indonesia,5931.23473426762,USD (constant 2017 PPP),World Bank
1995,IDN,Indonesia,6312.93453561158,USD (constant 2017 PPP),World Bank
1996,IDN,Indonesia,6695.40975787395,USD (constant 2017 PPP),World Bank
1997,IDN,Indonesia,6897.00236563331,USD (constant 2017 PPP),World Bank
1998,IDN,Indonesia,5897.68530859207,USD (constant 2017 PPP),World Bank
1999,IDN,Indonesia,5855.65800744994,USD (constant 2017 PPP),World Bank
2000,IDN,Indonesia,6056.38197842165,USD (constant 2017 PPP),World Bank
2001,IDN,Indonesia,6190.51954040991,USD (constant 2017 PPP),World Bank
2002,IDN,Indonesia,6381.94955179996,USD (constant 2017 PPP),World Bank
2003,IDN,Indonesia,6599.09193597034,USD (constant 2017 PPP),World Bank
2004,IDN,Indonesia,6843.54654972364,USD (constant 2017 PPP),World Bank
2005,IDN,Indonesia,7140.8545640704,USD (constant 2017 PPP),World Bank
2006,IDN,Indonesia,7434.48785352221,USD (constant 2017 PPP),World Bank
2007,IDN,Indonesia,7802.46406905954,USD (constant 2017 PPP),World Bank
2008,IDN,Indonesia,8165.06155116624,USD (constant 2017 PPP),World Bank
2009,IDN,Indonesia,8435.4557468629,USD (constant 2017 PPP),World Bank
2010,IDN,Indonesia,8848.22473702066,USD (constant 2017 PPP),World Bank
2011,IDN,Indonesia,9274.96955181702,USD (constant 2017 PPP),World Bank
2012,IDN,Indonesia,9708.61182531081,USD (constant 2017 PPP),World Bank
2013,IDN,Indonesia,10121.8141535043,USD (constant 2017 PPP),World Bank
2014,IDN,Indonesia,10504.3869411088,USD (constant 2017 PPP),World Bank
2015,IDN,Indonesia,10893.6621142169,USD (constant 2017 PPP),World Bank
2016,IDN,Indonesia,11319.6634287738,USD (constant 2017 PPP),World Bank
2017,IDN,Indonesia,11772.5743296107,USD (constant 2017 PPP),World Bank
2018,IDN,Indonesia,12262.2310300771,USD (constant 2017 PPP),World Bank
2019,IDN,Indonesia,12757.7850854842,USD (constant 2017 PPP),World Bank
2020,IDN,Indonesia,12388.5449268131,USD (constant 2017 PPP),World Bank
2021,IDN,Indonesia,12757.0746440204,USD (constant 2017 PPP),World Bank
2022,IDN,Indonesia,13334.2653947637,USD (constant 2017 PPP),World Bank
2023,IDN,Indonesia,13889.9749067297,USD (constant 2017 PPP),World Bank
2024,IDN,Indonesia,14470.4372020578,USD (constant 2017 PPP),World Bank
1990,IND,India,2203.14703867968,USD (constant 2017 PPP),World Bank
1991,IND,India,2178.6859145401,USD (constant 2017 PPP),World Bank
1992,IND,India,2249.69790389274,USD (constant 2017 PPP),World Bank
1993,IND,India,2307.60714181108,USD (constant 2017 PPP),World Bank
1994,IND,India,2411.46273689083,USD (constant 2017 PPP),World Bank
1995,IND,India,2542.42211133345,USD (constant 2017 PPP),World Bank
1996,IND,India,2680.27888437082,USD (constant 2017 PPP),World Bank
1997,IND,India,2734.52089133672,USD (constant 2017 PPP),World Bank
1998,IND,India,2847.96234988663,USD (constant 2017 PPP),World Bank
1999,IND,India,3041.48258556057,USD (constant 2017 PPP),World Bank
2000,IND,India,3099.5028215766,USD (constant 2017 PPP),World Bank
2001,IND,India,3188.81024020636,USD (constant 2017 PPP),World Bank
2002,IND,India,3250.69565544917,USD (constant 2017 PPP),World Bank
2003,IND,India,3445.92592352395,USD (constant 2017 PPP),World Bank
2004,IND,India,3656.12620652098,USD (constant 2017 PPP),World Bank
2005,IND,India,3881.9661798273,USD (constant 2017 PPP),World Bank
2006,IND,India,4129.77837009239,USD (constant 2017 PPP),World Bank
2007,IND,India,4379.69604361151,USD (constant 2017 PPP),World Bank
2008,IND,India,4450.39022919238,USD (constant 2017 PPP),World Bank
2009,IND,India,4731.36160463896,USD (constant 2017 PPP),World Bank
2010,IND,India,5059.2827108398,USD (constant 2017 PPP),World Bank
2011,IND,India,5249.54925694026,USD (constant 2017 PPP),World Bank
2012,IND,India,5460.43768570052,USD (constant 2017 PPP),World Bank
2013,IND,India,5732.24189090876,USD (constant 2017 PPP),World Bank
2014,IND,India,6079.84393523695,USD (constant 2017 PPP),World Bank
2015,IND,India,6488.14602910787,USD (constant 2017 PPP),World Bank
2016,IND,India,6940.62588857522,USD (constant 2017 PPP),World Bank
2017,IND,India,7326.60693679859,USD (constant 2017 PPP),World Bank
2018,IND,India,7714.33974724531,USD (constant 2017 PPP),World Bank
2019,IND,India,7930.0911303899,USD (constant 2017 PPP),World Bank
2020,IND,India,7399.53068079041,USD (constant 2017 PPP),World Bank
2021,IND,India,8050.01857452664,USD (constant 2017 PPP),World Bank
2022,IND,India,8594.39190499879,USD (constant 2017 PPP),World Bank
2023,IND,India,9301.75603225735,USD (constant 2017 PPP),World Bank
2024,IND,India,9817.07082097048,USD (constant 2017 PPP),World Bank
1990,ITA,Italy,42656.7445101659,USD (constant 2017 PPP),World Bank
1991,ITA,Italy,43283.0204441901,USD (constant 2017 PPP),World Bank
1992,ITA,Italy,43614.4850883758,USD (constant 2017 PPP),World Bank
1993,ITA,Italy,43216.1096444751,USD (constant 2017 PPP),World Bank
1994,ITA,Italy,44136.7059141923,USD (constant 2017 PPP),World Bank
1995,ITA,Italy,45410.1391731091,USD (constant 2017 PPP),World Bank
1996,ITA,Italy,46008.2389303796,USD (constant 2017 PPP),World Bank
1997,ITA,Italy,46869.4256086419,USD (constant 2017 PPP),World Bank
1998,ITA,Italy,47701.3974191265,USD (constant 2017 PPP),World Bank
1999,ITA,Italy,48493.6651210308,USD (constant 2017 PPP),World Bank
2000,ITA,Italy,50353.4200415436,USD (constant 2017 PPP),World Bank
2001,ITA,Italy,51332.2904432567,USD (constant 2017 PPP),World Bank
2002,ITA,Italy,51369.1149098293,USD (constant 2017 PPP),World Bank
2003,ITA,Italy,51126.2585544038,USD (constant 2017 PPP),World Bank
2004,ITA,Italy,51495.0028841364,USD (constant 2017 PPP),World Bank
2005,ITA,Italy,51585.6445807938,USD (constant 2017 PPP),World Bank
2006,ITA,Italy,52304.2402949819,USD (constant 2017 PPP),World Bank
2007,ITA,Italy,52747.1905476807,USD (constant 2017 PPP),World Bank
2008,ITA,Italy,51806.3906176391,USD (constant 2017 PPP),World Bank
2009,ITA,Italy,48774.3916833748,USD (constant 2017 PPP),World Bank
2010,ITA,Italy,49301.6959141674,USD (constant 2017 PPP),World Bank
2011,ITA,Italy,49473.0149235634,USD (constant 2017 PPP),World Bank
2012,ITA,Italy,47795.9579360541,USD (constant 2017 PPP),World Bank
2013,ITA,Italy,46833.3615309303,USD (constant 2017 PPP),World Bank
2014,ITA,Italy,46825.6511245062,USD (constant 2017 PPP),World Bank
2015,ITA,Italy,47311.8255262709,USD (constant 2017 PPP),World Bank
2016,ITA,Italy,47987.8379581014,USD (constant 2017 PPP),World Bank
2017,ITA,Italy,48849.2183534756,USD (constant 2017 PPP),World Bank
2018,ITA,Italy,49133.143527174,USD (constant 2017 PPP),World Bank
2019,ITA,Italy,49690.6298505274,USD (constant 2017 PPP),World Bank
2020,ITA,Italy,45505.0688708956,USD (constant 2017 PPP),World Bank
2021,ITA,Italy,49825.3934111848,USD (constant 2017 PPP),World Bank
2022,ITA,Italy,52333.3274270604,USD (constant 2017 PPP),World Bank
2023,ITA,Italy,52725.7461976727,USD (constant 2017 PPP),World Bank
2024,ITA,Italy,53115.1350996573,USD (constant 2017 PPP),World Bank
1990,JPN,Japan,35272.4189828727,USD (constant 2017 PPP),World Bank
1991,JPN,Japan,36372.0347517186,USD (constant 2017 PPP),World Bank
1992,JPN,Japan,36563.6226393696,USD (constant 2017 PPP),World Bank
1993,JPN,Japan,36277.9231838837,USD (constant 2017 PPP),World Bank
1994,JPN,Japan,36568.7123907341,USD (constant 2017 PPP),World Bank
1995,JPN,Japan,37442.8946125519,USD (constant 2017 PPP),World Bank
1996,JPN,Japan,38528.791438519,USD (constant 2017 PPP),World Bank
1997,JPN,Japan,38814.2535478124,USD (constant 2017 PPP),World Bank
1998,JPN,Japan,38217.1955920953,USD (constant 2017 PPP),World Bank
1999,JPN,Japan,38020.0940020688,USD (constant 2017 PPP),World Bank
2000,JPN,Japan,39005.9136305044,USD (constant 2017 PPP),World Bank
2001,JPN,Japan,39062.2817355235,USD (constant 2017 PPP),World Bank
2002,JPN,Japan,38987.9102707538,USD (constant 2017 PPP),World Bank
2003,JPN,Japan,39501.806782419,USD (constant 2017 PPP),World Bank
2004,JPN,Japan,40351.776374395,USD (constant 2017 PPP),World Bank
2005,JPN,Japan,41075.8243580849,USD (constant 2017 PPP),World Bank
2006,JPN,Japan,41613.1483821427,USD (constant 2017 PPP),World Bank
2007,JPN,Japan,42182.1758636624,USD (constant 2017 PPP),World Bank
2008,JPN,Japan,41645.5722078975,USD (constant 2017 PPP),World Bank
2009,JPN,Japan,39279.498871012,USD (constant 2017 PPP),World Bank
2010,JPN,Japan,40881.7972423185,USD (constant 2017 PPP),World Bank
2011,JPN,Japan,40967.3431400832,USD (constant 2017 PPP),World Bank
2012,JPN,Japan,41596.9238038796,USD (constant 2017 PPP),World Bank
2013,JPN,Japan,42492.2439560498,USD (constant 2017 PPP),World Bank
2014,JPN,Japan,42674.6976301321,USD (constant 2017 PPP),World Bank
2015,JPN,Japan,43386.7100739513,USD (constant 2017 PPP),World Bank
2016,JPN,Japan,43736.1305076612,USD (constant 2017 PPP),World Bank
2017,JPN,Japan,44505.2792603684,USD (constant 2017 PPP),World Bank
2018,JPN,Japan,44848.4899421798,USD (constant 2017 PPP),World Bank
2019,JPN,Japan,44730.9102844958,USD (constant 2017 PPP),World Bank
2020,JPN,Japan,42992.4796365328,USD (constant 2017 PPP),World Bank
2021,JPN,Japan,44355.3487163354,USD (constant 2017 PPP),World Bank
2022,JPN,Japan,44972.3438362201,USD (constant 2017 PPP),World Bank
2023,JPN,Japan,45858.6595131439,USD (constant 2017 PPP),World Bank
2024,JPN,Japan,46097.4299773012,USD (constant 2017 PPP),World Bank
1990,KOR,"Korea, Rep.",13839.9889843663,USD (constant 2017 PPP),World Bank
1991,KOR,"Korea, Rep.",15180.6685691052,USD (constant 2017 PPP),World Bank
1992,KOR,"Korea, Rep.",15955.0013327835,USD (constant 2017 PPP),World Bank
1993,KOR,"Korea, Rep.",16879.958314301,USD (constant 2017 PPP),World Bank
1994,KOR,"Korea, Rep.",18259.8550953467,USD (constant 2017 PPP),World Bank
1995,KOR,"Korea, Rep.",19815.0748995289,USD (constant 2017 PPP),World Bank
1996,KOR,"Korea, Rep.",21175.8998357285,USD (constant 2017 PPP),World Bank
1997,KOR,"Korea, Rep.",22272.7330468014,USD (constant 2017 PPP),World Bank
1998,KOR,"Korea, Rep.",20978.2819760449,USD (constant 2017 PPP),World Bank
1999,KOR,"Korea, Rep.",23218.2276673123,USD (constant 2017 PPP),World Bank
2000,KOR,"Korea, Rep.",25111.1377134842,USD (constant 2017 PPP),World Bank
2001,KOR,"Korea, Rep.",26128.3915101176,USD (constant 2017 PPP),World Bank
2002,KOR,"Korea, Rep.",27984.6394791633,USD (constant 2017 PPP),World Bank
2003,KOR,"Korea, Rep.",28716.1691006656,USD (constant 2017 PPP),World Bank
2004,KOR,"Korea, Rep.",30089.1713176168,USD (constant 2017 PPP),World Bank
2005,KOR,"Korea, Rep.",31319.1098686393,USD (constant 2017 PPP),World Bank
2006,KOR,"Korea, Rep.",32795.1568589182,USD (constant 2017 PPP),World Bank
2007,KOR,"Korea, Rep.",34522.2682574139,USD (constant 2017 PPP),World Bank
2008,KOR,"Korea, Rep.",35293.4102047384,USD (constant 2017 PPP),World Bank
2009,KOR,"Korea, Rep.",35390.5620151325,USD (constant 2017 PPP),World Bank
2010,KOR,"Korea, Rep.",37610.9729146683,USD (constant 2017 PPP),World Bank
2011,KOR,"Korea, Rep.",38698.4610967111,USD (constant 2017 PPP),World Bank
2012,KOR,"Korea, Rep.",39420.4193918778,USD (constant 2017 PPP),World Bank
2013,KOR,"Korea, Rep.",40483.2534082562,USD (constant 2017 PPP),World Bank
2014,KOR,"Korea, Rep.",41518.0942296892,USD (constant 2017 PPP),World Bank
2015,KOR,"Korea, Rep.",42459.9028857999,USD (constant 2017 PPP),World Bank
2016,KOR,"Korea, Rep.",43538.0212717968,USD (constant 2017 PPP),World Bank
2017,KOR,"Korea, Rep.",44787.6482354421,USD (constant 2017 PPP),World Bank
2018,KOR,"Korea, Rep.",45890.4304094143,USD (constant 2017 PPP),World Bank
2019,KOR,"Korea, Rep.",46757.2614496182,USD (constant 2017 PPP),World Bank
2020,KOR,"Korea, Rep.",46361.5957811718,USD (constant 2017 PPP),World Bank
2021,KOR,"Korea, Rep.",48419.6432513509,USD (constant 2017 PPP),World Bank
2022,KOR,"Korea, Rep.",49777.929303529,USD (constant 2017 PPP),World Bank
2023,KOR,"Korea, Rep.",50414.2083391764,USD (constant 2017 PPP),World Bank
1990,MEX,Mexico,17169.5925839593,USD (constant 2017 PPP),World Bank
1991,MEX,Mexico,17511.7313091887,USD (constant 2017 PPP),World Bank
1992,MEX,Mexico,17796.4059641926,USD (constant 2017 PPP),World Bank
1993,MEX,Mexico,17970.5871848548,USD (constant 2017 PPP),World Bank
1994,MEX,Mexico,18422.819927459,USD (constant 2017 PPP),World Bank
1995,MEX,Mexico,17028.1215002801,USD (constant 2017 PPP),World Bank
1996,MEX,Mexico,17775.8727868212,USD (constant 2017 PPP),World Bank
1997,MEX,Mexico,18737.6426442245,USD (constant 2017 PPP),World Bank
1998,MEX,Mexico,19573.0654538297,USD (constant 2017 PPP),World Bank
1999,MEX,Mexico,19793.2852840003,USD (constant 2017 PPP),World Bank
2000,MEX,Mexico,20470.4937645071,USD (constant 2017 PPP),World Bank
2001,MEX,Mexico,20078.2183907682,USD (constant 2017 PPP),World Bank
2002,MEX,Mexico,19744.7933652376,USD (constant 2017 PPP),World Bank
2003,MEX,Mexico,19701.4633875532,USD (constant 2017 PPP),World Bank
2004,MEX,Mexico,20127.2242879286,USD (constant 2017 PPP),World Bank
2005,MEX,Mexico,20277.2552828148,USD (constant 2017 PPP),World Bank
2006,MEX,Mexico,20965.8256062375,USD (constant 2017 PPP),World Bank
2007,MEX,Mexico,21102.2688313519,USD (constant 2017 PPP),World Bank
2008,MEX,Mexico,20992.5602637663,USD (constant 2017 PPP),World Bank
2009,MEX,Mexico,19385.5437229068,USD (constant 2017 PPP),World Bank
2010,MEX,Mexico,20058.3854848724,USD (constant 2017 PPP),World Bank
2011,MEX,Mexico,20457.6001663547,USD (constant 2017 PPP),World Bank
2012,MEX,Mexico,20898.9357184489,USD (constant 2017 PPP),World Bank
2013,MEX,Mexico,20805.3480382084,USD (constant 2017 PPP),World Bank
2014,MEX,Mexico,21069.7661610169,USD (constant 2017 PPP),World Bank
2015,MEX,Mexico,21408.9283209728,USD (constant 2017 PPP),World Bank
2016,MEX,Mexico,21578.2633552956,USD (constant 2017 PPP),World Bank
2017,MEX,Mexico,21777.5225129207,USD (constant 2017 PPP),World Bank
2018,MEX,Mexico,21997.7730148117,USD (constant 2017 PPP),World Bank
2019,MEX,Mexico,21704.1859474903,USD (constant 2017 PPP),World Bank
2020,MEX,Mexico,19728.4817839998,USD (constant 2017 PPP),World Bank
2021,MEX,Mexico,20782.5877425331,USD (constant 2017 PPP),World Bank
2022,MEX,Mexico,21392.1114573777,USD (constant 2017 PPP),World Bank
2023,MEX,Mexico,21905.1773271473,USD (constant 2017 PPP),World Bank
2024,MEX,Mexico,22033.2744496619,USD (constant 2017 PPP),World Bank
1990,NLD,Netherlands,43128.3126390938,USD (constant 2017 PPP),World Bank
1991,NLD,Netherlands,43833.4841712698,USD (constant 2017 PPP),World Bank
1992,NLD,Netherlands,44245.5254850329,USD (constant 2017 PPP),World Bank
1993,NLD,Netherlands,44490.7561855682,USD (constant 2017 PPP),World Bank
1994,NLD,Netherlands,45532.8045253849,USD (constant 2017 PPP),World Bank
1995,NLD,Netherlands,46720.2879220144,USD (constant 2017 PPP),World Bank
1996,NLD,Netherlands,48095.966024712,USD (constant 2017 PPP),World Bank
1997,NLD,Netherlands,49881.8758323461,USD (constant 2017 PPP),World Bank
1998,NLD,Netherlands,51879.3803259073,USD (constant 2017 PPP),World Bank
1999,NLD,Netherlands,54134.3622865113,USD (constant 2017 PPP),World Bank
2000,NLD,Netherlands,56016.8727218416,USD (constant 2017 PPP),World Bank
2001,NLD,Netherlands,56887.4332731111,USD (constant 2017 PPP),World Bank
2002,NLD,Netherlands,56664.4134372303,USD (constant 2017 PPP),World Bank
2003,NLD,Netherlands,56452.8674805644,USD (constant 2017 PPP),World Bank
2004,NLD,Netherlands,57391.3645202468,USD (constant 2017 PPP),World Bank
2005,NLD,Netherlands,58422.0135197444,USD (constant 2017 PPP),World Bank
2006,NLD,Netherlands,60391.544265121,USD (constant 2017 PPP),World Bank
2007,NLD,Netherlands,62601.6205718183,USD (constant 2017 PPP),World Bank
2008,NLD,Netherlands,63678.4032834996,USD (constant 2017 PPP),World Bank
2009,NLD,Netherlands,61029.7298855714,USD (constant 2017 PPP),World Bank
2010,NLD,Netherlands,61518.5540088717,USD (constant 2017 PPP),World Bank
2011,NLD,Netherlands,62318.1416226231,USD (constant 2017 PPP),World Bank
2012,NLD,Netherlands,61480.8126014961,USD (constant 2017 PPP),World Bank
2013,NLD,Netherlands,61281.288807752,USD (constant 2017 PPP),World Bank
2014,NLD,Netherlands,62045.8563802085,USD (constant 2017 PPP),World Bank
2015,NLD,Netherlands,63081.3941350677,USD (constant 2017 PPP),World Bank
2016,NLD,Netherlands,64267.736357935,USD (constant 2017 PPP),World Bank
2017,NLD,Netherlands,65666.0036593237,USD (constant 2017 PPP),World Bank
2018,NLD,Netherlands,66758.2640145753,USD (constant 2017 PPP),World Bank
2019,NLD,Netherlands,67847.8542926795,USD (constant 2017 PPP),World Bank
2020,NLD,Netherlands,64862.1922496366,USD (constant 2017 PPP),World Bank
2021,NLD,Netherlands,68573.5648786446,USD (constant 2017 PPP),World Bank
2022,NLD,Netherlands,71324.0360349277,USD (constant 2017 PPP),World Bank
2023,NLD,Netherlands,70673.9689988432,USD (constant 2017 PPP),World Bank
2024,NLD,Netherlands,70901.8384173158,USD (constant 2017 PPP),World Bank
1990,POL,Poland,12821.4636316574,USD (constant 2017 PPP),World Bank
1991,POL,Poland,11879.7539252619,USD (constant 2017 PPP),World Bank
1992,POL,Poland,12141.2351323725,USD (constant 2017 PPP),World Bank
1993,POL,Poland,12563.1045363124,USD (constant 2017 PPP),World Bank
1994,POL,Poland,13200.1614164951,USD (constant 2017 PPP),World Bank
1995,POL,Poland,14227.5663687798,USD (constant 2017 PPP),World Bank
1996,POL,Poland,15083.09812162,USD (constant 2017 PPP),World Bank
1997,POL,Poland,16031.7211485265,USD (constant 2017 PPP),World Bank
1998,POL,Poland,16766.6492883267,USD (constant 2017 PPP),World Bank
1999,POL,Poland,17556.0026927987,USD (constant 2017 PPP),World Bank
2000,POL,Poland,18566.3546288772,USD (constant 2017 PPP),World Bank
2001,POL,Poland,18800.6018648402,USD (constant 2017 PPP),World Bank
2002,POL,Poland,19166.9137058143,USD (constant 2017 PPP),World Bank
2003,POL,Poland,19855.6317989181,USD (constant 2017 PPP),World Bank
2004,POL,Poland,20878.6545002534,USD (constant 2017 PPP),World Bank
2005,POL,Poland,21568.9476594356,USD (constant 2017 PPP),World Bank
2006,POL,Poland,22921.1975887696,USD (constant 2017 PPP),World Bank
2007,POL,Poland,24484.0656663756,USD (constant 2017 PPP),World Bank
2008,POL,Poland,25553.9058406534,USD (constant 2017 PPP),World Bank
2009,POL,Poland,26204.410367111,USD (constant 2017 PPP),World Bank
2010,POL,Poland,27112.1333797381,USD (constant 2017 PPP),World Bank
2011,POL,Poland,28521.6612623568,USD (constant 2017 PPP),World Bank
2012,POL,Poland,28952.9157305301,USD (constant 2017 PPP),World Bank
2013,POL,Poland,29168.624211075,USD (constant 2017 PPP),World Bank
2014,POL,Poland,30334.8786569618,USD (constant 2017 PPP),World Bank
2015,POL,Poland,31700.3682364154,USD (constant 2017 PPP),World Bank
2016,POL,Poland,32675.3052259954,USD (constant 2017 PPP),World Bank
2017,POL,Poland,34354.5987616319,USD (constant 2017 PPP),World Bank
2018,POL,Poland,36500.4114282584,USD (constant 2017 PPP),World Bank
2019,POL,Poland,38181.6230334689,USD (constant 2017 PPP),World Bank
2020,POL,Poland,37852.8021313639,USD (constant 2017 PPP),World Bank
2021,POL,Poland,41059.5847829682,USD (constant 2017 PPP),World Bank
2022,POL,Poland,43405.0215797441,USD (constant 2017 PPP),World Bank
2023,POL,Poland,43672.7668014946,USD (constant 2017 PPP),World Bank
2024,POL,Poland,45112.5993993196,USD (constant 2017 PPP),World Bank
1990,SAU,Saudi Arabia,65196.573386053,USD (constant 2017 PPP),World Bank
1991,SAU,Saudi Arabia,67268.5518488763,USD (constant 2017 PPP),World Bank
1992,SAU,Saudi Arabia,67183.9100290945,USD (constant 2017 PPP),World Bank
1993,SAU,Saudi Arabia,64517.6652891052,USD (constant 2017 PPP),World Bank
1994,SAU,Saudi Arabia,62403.6937320122,USD (constant 2017 PPP),World Bank
1995,SAU,Saudi Arabia,60058.3174503511,USD (constant 2017 PPP),World Bank
1996,SAU,Saudi Arabia,59612.8125993665,USD (constant 2017 PPP),World Bank
1997,SAU,Saudi Arabia,58875.5473738828,USD (constant 2017 PPP),World Bank
1998,SAU,Saudi Arabia,58306.622809723,USD (constant 2017 PPP),World Bank
1999,SAU,Saudi Arabia,55878.1736494426,USD (constant 2017 PPP),World Bank
2000,SAU,Saudi Arabia,55962.2661342789,USD (constant 2017 PPP),World Bank
2001,SAU,Saudi Arabia,53309.111388544,USD (constant 2017 PPP),World Bank
2002,SAU,Saudi Arabia,50371.9783079834,USD (constant 2017 PPP),World Bank
2003,SAU,Saudi Arabia,52234.649280791,USD (constant 2017 PPP),World Bank
2004,SAU,Saudi Arabia,54196.5514152953,USD (constant 2017 PPP),World Bank
2005,SAU,Saudi Arabia,54931.7942450845,USD (constant 2017 PPP),World Bank
2006,SAU,Saudi Arabia,54373.737695386,USD (constant 2017 PPP),World Bank
2007,SAU,Saudi Arabia,53318.4191601834,USD (constant 2017 PPP),World Bank
2008,SAU,Saudi Arabia,54407.7081673247,USD (constant 2017 PPP),World Bank
2009,SAU,Saudi Arabia,51760.7643987566,USD (constant 2017 PPP),World Bank
2010,SAU,Saudi Arabia,54911.547517012,USD (constant 2017 PPP),World Bank
2011,SAU,Saudi Arabia,58645.464894853,USD (constant 2017 PPP),World Bank
2012,SAU,Saudi Arabia,59471.682017769,USD (constant 2017 PPP),World Bank
2013,SAU,Saudi Arabia,57998.4816777822,USD (constant 2017 PPP),World Bank
2014,SAU,Saudi Arabia,58872.2671400126,USD (constant 2017 PPP),World Bank
2015,SAU,Saudi Arabia,58498.5399040699,USD (constant 2017 PPP),World Bank
2016,SAU,Saudi Arabia,57308.4637764548,USD (constant 2017 PPP),World Bank
2017,SAU,Saudi Arabia,57942.5484983044,USD (constant 2017 PPP),World Bank
2018,SAU,Saudi Arabia,61359.4653740388,USD (constant 2017 PPP),World Bank
2019,SAU,Saudi Arabia,62647.7141300525,USD (constant 2017 PPP),World Bank
2020,SAU,Saudi Arabia,57420.7335736424,USD (constant 2017 PPP),World Bank
2021,SAU,Saudi Arabia,62690.4966645929,USD (constant 2017 PPP),World Bank
2022,SAU,Saudi Arabia,67178.5902274906,USD (constant 2017 PPP),World Bank
2023,SAU,Saudi Arabia,64481.8441927288,USD (constant 2017 PPP),World Bank
2024,SAU,Saudi Arabia,62676.6979803733,USD (constant 2017 PPP),World Bank
1990,TUR,Turkey,12010.248481128,USD (constant 2017 PPP),World Bank
1991,TUR,Turkey,11885.7869679844,USD (constant 2017 PPP),World Bank
1992,TUR,Turkey,12273.2843123693,USD (constant 2017 PPP),World Bank
1993,TUR,Turkey,12986.3781731636,USD (constant 2017 PPP),World Bank
1994,TUR,Turkey,12166.7858538342,USD (constant 2017 PPP),World Bank
1995,TUR,Turkey,12912.242334352,USD (constant 2017 PPP),World Bank
1996,TUR,Turkey,13657.7356158014,USD (constant 2017 PPP),World Bank
1997,TUR,Turkey,14481.8582871826,USD (constant 2017 PPP),World Bank
1998,TUR,Turkey,14624.9315577068,USD (constant 2017 PPP),World Bank
1999,TUR,Turkey,13959.8667458462,USD (constant 2017 PPP),World Bank
2000,TUR,Turkey,14737.4417410446,USD (constant 2017 PPP),World Bank
2001,TUR,Turkey,13718.2779131299,USD (constant 2017 PPP),World Bank
2002,TUR,Turkey,14427.7608625445,USD (constant 2017 PPP),World Bank
2003,TUR,Turkey,15083.1352817439,USD (constant 2017 PPP),World Bank
2004,TUR,Turkey,16376.9647430877,USD (constant 2017 PPP),World Bank
2005,TUR,Turkey,17659.8983161707,USD (constant 2017 PPP),World Bank
2006,TUR,Turkey,18693.9010385269,USD (constant 2017 PPP),World Bank
2007,TUR,Turkey,19605.1679020557,USD (constant 2017 PPP),World Bank
2008,TUR,Turkey,19516.3851753358,USD (constant 2017 PPP),World Bank
2009,TUR,Turkey,18320.4489220562,USD (constant 2017 PPP),World Bank
2010,TUR,Turkey,19564.7888953107,USD (constant 2017 PPP),World Bank
2011,TUR,Turkey,21439.0690551907,USD (constant 2017 PPP),World Bank
2012,TUR,Turkey,22181.1207770887,USD (constant 2017 PPP),World Bank
2013,TUR,Turkey,23756.2730417486,USD (constant 2017 PPP),World Bank
2014,TUR,Turkey,24595.6990587674,USD (constant 2017 PPP),World Bank
2015,TUR,Turkey,25746.4324494749,USD (constant 2017 PPP),World Bank
2016,TUR,Turkey,26246.4947118354,USD (constant 2017 PPP),World Bank
2017,TUR,Turkey,27851.9820029666,USD (constant 2017 PPP),World Bank
2018,TUR,Turkey,28305.4612484943,USD (constant 2017 PPP),World Bank
2019,TUR,Turkey,28132.0535745359,USD (constant 2017 PPP),World Bank
2020,TUR,Turkey,28378.5520849539,USD (constant 2017 PPP),World Bank
2021,TUR,Turkey,31338.2665190246,USD (constant 2017 PPP),World Bank
2022,TUR,Turkey,32748.3189010181,USD (constant 2017 PPP),World Bank
2023,TUR,Turkey,34282.5365042547,USD (constant 2017 PPP),World Bank
2024,TUR,Turkey,35294.3936777926,USD (constant 2017 PPP),World Bank
1990,USA,United States,44378.5240260331,USD (constant 2017 PPP),World Bank
1991,USA,United States,43742.0261200519,USD (constant 2017 PPP),World Bank
1992,USA,United States,44659.1514621837,USD (constant 2017 PPP),World Bank
1993,USA,United States,45286.9355090553,USD (constant 2017 PPP),World Bank
1994,USA,United States,46537.3571460633,USD (constant 2017 PPP),World Bank
1995,USA,United States,47220.9579595731,USD (constant 2017 PPP),World Bank
1996,USA,United States,48435.700103362,USD (constant 2017 PPP),World Bank
1997,USA,United States,49984.2696500617,USD (constant 2017 PPP),World Bank
1998,USA,United States,51619.869836146,USD (constant 2017 PPP),World Bank
1999,USA,United States,53474.0454298226,USD (constant 2017 PPP),World Bank
2000,USA,United States,55038.6224973696,USD (constant 2017 PPP),World Bank
2001,USA,United States,55017.3049765671,USD (constant 2017 PPP),World Bank
2002,USA,United States,55436.1169800356,USD (constant 2017 PPP),World Bank
2003,USA,United States,56498.2078312289,USD (constant 2017 PPP),World Bank
2004,USA,United States,58131.6336843365,USD (constant 2017 PPP),World Bank
2005,USA,United States,59604.7536363553,USD (constant 2017 PPP),World Bank
2006,USA,United States,60676.5655689312,USD (constant 2017 PPP),World Bank
2007,USA,United States,61306.596939243,USD (constant 2017 PPP),World Bank
2008,USA,United States,60798.4338397205,USD (constant 2017 PPP),World Bank
2009,USA,United States,58714.9736895542,USD (constant 2017 PPP),World Bank
2010,USA,United States,59789.4129077609,USD (constant 2017 PPP),World Bank
2011,USA,United States,60245.4843989068,USD (constant 2017 PPP),World Bank
2012,USA,United States,61134.5306079914,USD (constant 2017 PPP),World Bank
2013,USA,United States,61958.7234408783,USD (constant 2017 PPP),World Bank
2014,USA,United States,63018.8033934414,USD (constant 2017 PPP),World Bank
2015,USA,United States,64359.4725898758,USD (constant 2017 PPP),World Bank
2016,USA,United States,65017.6549627249,USD (constant 2017 PPP),World Bank
2017,USA,United States,66155.5555685457,USD (constant 2017 PPP),World Bank
2018,USA,United States,67719.7656402495,USD (constant 2017 PPP),World Bank
2019,USA,United States,69112.6026870666,USD (constant 2017 PPP),World Bank
2020,USA,United States,67342.0709283912,USD (constant 2017 PPP),World Bank
2021,USA,United States,71307.4017277218,USD (constant 2017 PPP),World Bank
2022,USA,United States,72679.2575396157,USD (constant 2017 PPP),World Bank
2023,USA,United States,74158.716416669,USD (constant 2017 PPP),World Bank
2024,USA,United States,75491.6084348903,USD (constant 2017 PPP),World Bank
