﻿year,country_code,country_name,value,unit,source
1960,AUS,Australia,7.96045785639958,Index (2010=100),World Bank
1961,AUS,Australia,8.14255983350676,Index (2010=100),World Bank
1962,AUS,Australia,8.11654526534859,Index (2010=100),World Bank
1963,AUS,Australia,8.16857440166493,Index (2010=100),World Bank
1964,AUS,Australia,8.40270551508845,Index (2010=100),World Bank
1965,AUS,Australia,8.6888657648283,Index (2010=100),World Bank
1966,AUS,Australia,8.97502601456816,Index (2010=100),World Bank
1967,AUS,Australia,9.28720083246618,Index (2010=100),World Bank
1968,AUS,Australia,9.5213319458897,Index (2010=100),World Bank
1969,AUS,Australia,9.83350676378772,Index (2010=100),World Bank
1970,AUS,Australia,10.1716961498439,Index (2010=100),World Bank
1971,AUS,Australia,10.79604578564,Index (2010=100),World Bank
1972,AUS,Australia,11.4464099895942,Index (2010=100),World Bank
1973,AUS,Australia,12.4869927159209,Index (2010=100),World Bank
1974,AUS,Australia,14.4120707596254,Index (2010=100),World Bank
1975,AUS,Australia,16.5972944849116,Index (2010=100),World Bank
1976,AUS,Australia,18.8085327783559,Index (2010=100),World Bank
1977,AUS,Australia,21.1238293444329,Index (2010=100),World Bank
1978,AUS,Australia,22.8147762747138,Index (2010=100),World Bank
1979,AUS,Australia,24.8959417273673,Index (2010=100),World Bank
1980,AUS,Australia,27.4193548387097,Index (2010=100),World Bank
1981,AUS,Australia,30.0208116545265,Index (2010=100),World Bank
1982,AUS,Australia,33.4287200832466,Index (2010=100),World Bank
1983,AUS,Australia,36.7845993756504,Index (2010=100),World Bank
1984,AUS,Australia,38.2414151925078,Index (2010=100),World Bank
1985,AUS,Australia,40.8168574401665,Index (2010=100),World Bank
1986,AUS,Australia,44.5109261186264,Index (2010=100),World Bank
1987,AUS,Australia,48.309053069719,Index (2010=100),World Bank
1988,AUS,Australia,51.7950052029136,Index (2010=100),World Bank
1989,AUS,Australia,55.6971904266389,Index (2010=100),World Bank
1990,AUS,Australia,59.7814776274714,Index (2010=100),World Bank
1991,AUS,Australia,61.6805411030177,Index (2010=100),World Bank
1992,AUS,Australia,62.3048907388137,Index (2010=100),World Bank
1993,AUS,Australia,63.3975026014568,Index (2010=100),World Bank
1994,AUS,Australia,64.6462018730489,Index (2010=100),World Bank
1995,AUS,Australia,67.6378772112383,Index (2010=100),World Bank
1996,AUS,Australia,69.4068678459938,Index (2010=100),World Bank
1997,AUS,Australia,69.5629552549428,Index (2010=100),World Bank
1998,AUS,Australia,70.1612903225807,Index (2010=100),World Bank
1999,AUS,Australia,71.2018730489074,Index (2010=100),World Bank
2000,AUS,Australia,74.375650364204,Index (2010=100),World Bank
2001,AUS,Australia,77.6534859521332,Index (2010=100),World Bank
2002,AUS,Australia,79.9687825182102,Index (2010=100),World Bank
2003,AUS,Australia,82.1540062434964,Index (2010=100),World Bank
2004,AUS,Australia,84.0790842872008,Index (2010=100),World Bank
2005,AUS,Australia,86.3423517169615,Index (2010=100),World Bank
2006,AUS,Australia,89.4120707596254,Index (2010=100),World Bank
2007,AUS,Australia,91.4932362122789,Index (2010=100),World Bank
2008,AUS,Australia,95.4734651404787,Index (2010=100),World Bank
2009,AUS,Australia,97.1644120707596,Index (2010=100),World Bank
2010,AUS,Australia,100.0,Index (2010=100),World Bank
2011,AUS,Australia,103.303850156087,Index (2010=100),World Bank
2012,AUS,Australia,105.124869927159,Index (2010=100),World Bank
2013,AUS,Australia,107.700312174818,Index (2010=100),World Bank
2014,AUS,Australia,110.379812695109,Index (2010=100),World Bank
2015,AUS,Australia,112.044745057232,Index (2010=100),World Bank
2016,AUS,Australia,113.475546305931,Index (2010=100),World Bank
2017,AUS,Australia,115.686784599376,Index (2010=100),World Bank
2018,AUS,Australia,117.89802289282,Index (2010=100),World Bank
2019,AUS,Australia,119.797086368366,Index (2010=100),World Bank
2020,AUS,Australia,120.811654526535,Index (2010=100),World Bank
2021,AUS,Australia,124.271592091571,Index (2010=100),World Bank
2022,AUS,Australia,132.466181061394,Index (2010=100),World Bank
2023,AUS,Australia,139.880332986472,Index (2010=100),World Bank
2024,AUS,Australia,144.302809573361,Index (2010=100),World Bank
1980,BRA,Brazil,3.57203995820629e-10,Index (2010=100),World Bank
1981,BRA,Brazil,7.20570021177795e-10,Index (2010=100),World Bank
1982,BRA,Brazil,1.44505532582099e-09,Index (2010=100),World Bank
1983,BRA,Brazil,3.39628003922508e-09,Index (2010=100),World Bank
1984,BRA,Brazil,9.92127211260218e-09,Index (2010=100),World Bank
1985,BRA,Brazil,3.2342321744633e-08,Index (2010=100),World Bank
1986,BRA,Brazil,7.99317280305452e-08,Index (2010=100),World Bank
1987,BRA,Brazil,2.62444768495788e-07,Index (2010=100),World Bank
1988,BRA,Brazil,1.91352288553154e-06,Index (2010=100),World Bank
1989,BRA,Brazil,2.92907487949526e-05,Index (2010=100),World Bank
1990,BRA,Brazil,0.000892703750329439,Index (2010=100),World Bank
1991,BRA,Brazil,0.00475620651227255,Index (2010=100),World Bank
1992,BRA,Brazil,0.0500334876739342,Index (2010=100),World Bank
1993,BRA,Brazil,1.01436931774855,Index (2010=100),World Bank
1994,BRA,Brazil,22.0715442934335,Index (2010=100),World Bank
1995,BRA,Brazil,36.6403159411409,Index (2010=100),World Bank
1996,BRA,Brazil,42.4139744020249,Index (2010=100),World Bank
1997,BRA,Brazil,45.3518684755867,Index (2010=100),World Bank
1998,BRA,Brazil,46.8008952735922,Index (2010=100),World Bank
1999,BRA,Brazil,49.0746921995341,Index (2010=100),World Bank
2000,BRA,Brazil,52.5315827425714,Index (2010=100),World Bank
2001,BRA,Brazil,56.1249316036126,Index (2010=100),World Bank
2002,BRA,Brazil,60.8675805806435,Index (2010=100),World Bank
2003,BRA,Brazil,69.8241962003047,Index (2010=100),World Bank
2004,BRA,Brazil,74.430627668128,Index (2010=100),World Bank
2005,BRA,Brazil,79.5436673306746,Index (2010=100),World Bank
2006,BRA,Brazil,82.8714308457339,Index (2010=100),World Bank
2007,BRA,Brazil,85.8890058743968,Index (2010=100),World Bank
2008,BRA,Brazil,90.7662937251916,Index (2010=100),World Bank
2009,BRA,Brazil,95.202981748031,Index (2010=100),World Bank
2010,BRA,Brazil,100.0,Index (2010=100),World Bank
2011,BRA,Brazil,106.636449622131,Index (2010=100),World Bank
2012,BRA,Brazil,112.398549260784,Index (2010=100),World Bank
2013,BRA,Brazil,119.372104441451,Index (2010=100),World Bank
2014,BRA,Brazil,126.927212865611,Index (2010=100),World Bank
2015,BRA,Brazil,138.388614560102,Index (2010=100),World Bank
2016,BRA,Brazil,150.482594206408,Index (2010=100),World Bank
2017,BRA,Brazil,155.668786230018,Index (2010=100),World Bank
2018,BRA,Brazil,161.373814183906,Index (2010=100),World Bank
2019,BRA,Brazil,167.397860280061,Index (2010=100),World Bank
2020,BRA,Brazil,172.774291252888,Index (2010=100),World Bank
2021,BRA,Brazil,187.117425058296,Index (2010=100),World Bank
2022,BRA,Brazil,204.482120615775,Index (2010=100),World Bank
2023,BRA,Brazil,213.87513528772,Index (2010=100),World Bank
2024,BRA,Brazil,223.216054990026,Index (2010=100),World Bank
1960,CAN,Canada,13.3443045220378,Index (2010=100),World Bank
1961,CAN,Canada,13.480251860332,Index (2010=100),World Bank
1962,CAN,Canada,13.6233543216943,Index (2010=100),World Bank
1963,CAN,Canada,13.8451631368059,Index (2010=100),World Bank
1964,CAN,Canada,14.1099026903263,Index (2010=100),World Bank
1965,CAN,Canada,14.4390383514596,Index (2010=100),World Bank
1966,CAN,Canada,14.9899828277046,Index (2010=100),World Bank
1967,CAN,Canada,15.5266170578134,Index (2010=100),World Bank
1968,CAN,Canada,16.1562678878077,Index (2010=100),World Bank
1969,CAN,Canada,16.8932455638237,Index (2010=100),World Bank
1970,CAN,Canada,17.4585002862049,Index (2010=100),World Bank
1971,CAN,Canada,17.9307384087006,Index (2010=100),World Bank
1972,CAN,Canada,18.8251287922152,Index (2010=100),World Bank
1973,CAN,Canada,20.2346880366342,Index (2010=100),World Bank
1974,CAN,Canada,22.4599313108185,Index (2010=100),World Bank
1975,CAN,Canada,24.8568975386377,Index (2010=100),World Bank
1976,CAN,Canada,26.7315397824842,Index (2010=100),World Bank
1977,CAN,Canada,28.8637664567831,Index (2010=100),World Bank
1978,CAN,Canada,31.4539210074413,Index (2010=100),World Bank
1979,CAN,Canada,34.3302804808242,Index (2010=100),World Bank
1980,CAN,Canada,37.807670291929,Index (2010=100),World Bank
1981,CAN,Canada,42.522896393818,Index (2010=100),World Bank
1982,CAN,Canada,47.1021751574127,Index (2010=100),World Bank
1983,CAN,Canada,49.8640526617058,Index (2010=100),World Bank
1984,CAN,Canada,52.0105895821408,Index (2010=100),World Bank
1985,CAN,Canada,54.0712650257584,Index (2010=100),World Bank
1986,CAN,Canada,56.3394390383515,Index (2010=100),World Bank
1987,CAN,Canada,58.7936462507155,Index (2010=100),World Bank
1988,CAN,Canada,61.1619919862622,Index (2010=100),World Bank
1989,CAN,Canada,64.2100744132799,Index (2010=100),World Bank
1990,CAN,Canada,67.279622209502,Index (2010=100),World Bank
1991,CAN,Canada,71.0646823125358,Index (2010=100),World Bank
1992,CAN,Canada,72.123640526617,Index (2010=100),World Bank
1993,CAN,Canada,73.468803663423,Index (2010=100),World Bank
1994,CAN,Canada,73.590440755581,Index (2010=100),World Bank
1995,CAN,Canada,75.1717229536348,Index (2010=100),World Bank
1996,CAN,Canada,76.352318259874,Index (2010=100),World Bank
1997,CAN,Canada,77.5901545506583,Index (2010=100),World Bank
1998,CAN,Canada,78.3629078420148,Index (2010=100),World Bank
1999,CAN,Canada,79.722381224957,Index (2010=100),World Bank
2000,CAN,Canada,81.8903835145964,Index (2010=100),World Bank
2001,CAN,Canada,83.9582140812822,Index (2010=100),World Bank
2002,CAN,Canada,85.8543216943331,Index (2010=100),World Bank
2003,CAN,Canada,88.2226674298798,Index (2010=100),World Bank
2004,CAN,Canada,89.8611906124785,Index (2010=100),World Bank
2005,CAN,Canada,91.850314825415,Index (2010=100),World Bank
2006,CAN,Canada,93.689181453921,Index (2010=100),World Bank
2007,CAN,Canada,95.6926159129937,Index (2010=100),World Bank
2008,CAN,Canada,97.9607899255867,Index (2010=100),World Bank
2009,CAN,Canada,98.2541499713795,Index (2010=100),World Bank
2010,CAN,Canada,100.0,Index (2010=100),World Bank
2011,CAN,Canada,102.912135088724,Index (2010=100),World Bank
2012,CAN,Canada,104.471951917573,Index (2010=100),World Bank
2013,CAN,Canada,105.452203777905,Index (2010=100),World Bank
2014,CAN,Canada,107.462793360046,Index (2010=100),World Bank
2015,CAN,Canada,108.672009158557,Index (2010=100),World Bank
2016,CAN,Canada,110.224670864339,Index (2010=100),World Bank
2017,CAN,Canada,111.984831139096,Index (2010=100),World Bank
2018,CAN,Canada,114.524899828277,Index (2010=100),World Bank
2019,CAN,Canada,116.757298225529,Index (2010=100),World Bank
2020,CAN,Canada,117.594447624499,Index (2010=100),World Bank
2021,CAN,Canada,121.587006296508,Index (2010=100),World Bank
2022,CAN,Canada,129.858328563251,Index (2010=100),World Bank
2023,CAN,Canada,134.895535203205,Index (2010=100),World Bank
2024,CAN,Canada,138.10818546079,Index (2010=100),World Bank
1960,CHE,Switzerland,24.041191164266,Index (2010=100),World Bank
1961,CHE,Switzerland,24.4848467950127,Index (2010=100),World Bank
1962,CHE,Switzerland,25.541611038763,Index (2010=100),World Bank
1963,CHE,Switzerland,26.4202968315877,Index (2010=100),World Bank
1964,CHE,Switzerland,27.2341891009765,Index (2010=100),World Bank
1965,CHE,Switzerland,28.1640946620174,Index (2010=100),World Bank
1966,CHE,Switzerland,29.5092060763712,Index (2010=100),World Bank
1967,CHE,Switzerland,30.6911076814071,Index (2010=100),World Bank
1968,CHE,Switzerland,31.426412074016,Index (2010=100),World Bank
1969,CHE,Switzerland,32.2086267807763,Index (2010=100),World Bank
1970,CHE,Switzerland,33.3732864692163,Index (2010=100),World Bank
1971,CHE,Switzerland,35.5669863836013,Index (2010=100),World Bank
1972,CHE,Switzerland,37.9357501812349,Index (2010=100),World Bank
1973,CHE,Switzerland,41.2569000469079,Index (2010=100),World Bank
1974,CHE,Switzerland,45.2866324097188,Index (2010=100),World Bank
1975,CHE,Switzerland,48.3192948732668,Index (2010=100),World Bank
1976,CHE,Switzerland,49.1482009361889,Index (2010=100),World Bank
1977,CHE,Switzerland,49.7851612088449,Index (2010=100),World Bank
1978,CHE,Switzerland,50.2973474100632,Index (2010=100),World Bank
1979,CHE,Switzerland,52.1320136262395,Index (2010=100),World Bank
1980,CHE,Switzerland,54.2290243166378,Index (2010=100),World Bank
1981,CHE,Switzerland,57.7486559095695,Index (2010=100),World Bank
1982,CHE,Switzerland,61.0144012032029,Index (2010=100),World Bank
1983,CHE,Switzerland,62.8142006147225,Index (2010=100),World Bank
1984,CHE,Switzerland,64.655571701771,Index (2010=100),World Bank
1985,CHE,Switzerland,66.8767487936809,Index (2010=100),World Bank
1986,CHE,Switzerland,67.3785316201579,Index (2010=100),World Bank
1987,CHE,Switzerland,68.3489993537869,Index (2010=100),World Bank
1988,CHE,Switzerland,69.6288129032681,Index (2010=100),World Bank
1989,CHE,Switzerland,71.8257898068905,Index (2010=100),World Bank
1990,CHE,Switzerland,75.7072261056968,Index (2010=100),World Bank
1991,CHE,Switzerland,80.1433641788009,Index (2010=100),World Bank
1992,CHE,Switzerland,83.3787760002361,Index (2010=100),World Bank
1993,CHE,Switzerland,86.1241237580079,Index (2010=100),World Bank
1994,CHE,Switzerland,86.8580020534487,Index (2010=100),World Bank
1995,CHE,Switzerland,88.4212964937199,Index (2010=100),World Bank
1996,CHE,Switzerland,89.1389538564488,Index (2010=100),World Bank
1997,CHE,Switzerland,89.6026773559716,Index (2010=100),World Bank
1998,CHE,Switzerland,89.6187506765555,Index (2010=100),World Bank
1999,CHE,Switzerland,90.3414760556727,Index (2010=100),World Bank
2000,CHE,Switzerland,91.7494743368115,Index (2010=100),World Bank
2001,CHE,Switzerland,92.656895290517,Index (2010=100),World Bank
2002,CHE,Switzerland,93.252411818155,Index (2010=100),World Bank
2003,CHE,Switzerland,93.8476167201897,Index (2010=100),World Bank
2004,CHE,Switzerland,94.6011274286295,Index (2010=100),World Bank
2005,CHE,Switzerland,95.7098093179335,Index (2010=100),World Bank
2006,CHE,Switzerland,96.723863632636,Index (2010=100),World Bank
2007,CHE,Switzerland,97.4322214313128,Index (2010=100),World Bank
2008,CHE,Switzerland,99.7959672366681,Index (2010=100),World Bank
2009,CHE,Switzerland,99.316465640817,Index (2010=100),World Bank
2010,CHE,Switzerland,100.0,Index (2010=100),World Bank
2011,CHE,Switzerland,100.231349207651,Index (2010=100),World Bank
2012,CHE,Switzerland,99.5371949759392,Index (2010=100),World Bank
2013,CHE,Switzerland,99.3208776033038,Index (2010=100),World Bank
2014,CHE,Switzerland,99.3077647259499,Index (2010=100),World Bank
2015,CHE,Switzerland,98.1717745930005,Index (2010=100),World Bank
2016,CHE,Switzerland,97.7451017375587,Index (2010=100),World Bank
2017,CHE,Switzerland,98.2668532046593,Index (2010=100),World Bank
2018,CHE,Switzerland,99.1869606006829,Index (2010=100),World Bank
2019,CHE,Switzerland,99.5468963730059,Index (2010=100),World Bank
2020,CHE,Switzerland,98.8243104053428,Index (2010=100),World Bank
2021,CHE,Switzerland,99.3992842451935,Index (2010=100),World Bank
2022,CHE,Switzerland,102.21728177187,Index (2010=100),World Bank
2023,CHE,Switzerland,104.400030506506,Index (2010=100),World Bank
2024,CHE,Switzerland,105.509114228825,Index (2010=100),World Bank
1986,CHN,China,26.0483197849659,Index (2010=100),World Bank
1987,CHN,China,27.9326123967096,Index (2010=100),World Bank
1988,CHN,China,33.1872445880263,Index (2010=100),World Bank
1989,CHN,China,39.2424692179247,Index (2010=100),World Bank
1990,CHN,China,40.4402632290027,Index (2010=100),World Bank
1991,CHN,China,41.8785962689823,Index (2010=100),World Bank
1992,CHN,China,44.5395544614716,Index (2010=100),World Bank
1993,CHN,China,51.0468183922653,Index (2010=100),World Bank
1994,CHN,China,63.4292398842776,Index (2010=100),World Bank
1995,CHN,China,74.0797863737527,Index (2010=100),World Bank
1996,CHN,China,80.2381577567065,Index (2010=100),World Bank
1997,CHN,China,82.4739659836287,Index (2010=100),World Bank
1998,CHN,China,81.8362888154733,Index (2010=100),World Bank
1999,CHN,China,80.6893755831361,Index (2010=100),World Bank
2000,CHN,China,80.9700222903011,Index (2010=100),World Bank
2001,CHN,China,81.552298456301,Index (2010=100),World Bank
2002,CHN,China,80.955359361403,Index (2010=100),World Bank
2003,CHN,China,81.8682148167155,Index (2010=100),World Bank
2004,CHN,China,84.9993772047539,Index (2010=100),World Bank
2005,CHN,China,86.5093181065058,Index (2010=100),World Bank
2006,CHN,China,87.9362296125358,Index (2010=100),World Bank
2007,CHN,China,92.1719134940607,Index (2010=100),World Bank
2008,CHN,China,97.6333310615016,Index (2010=100),World Bank
2009,CHN,China,96.9223990713834,Index (2010=100),World Bank
2010,CHN,China,100.0,Index (2010=100),World Bank
2011,CHN,China,105.553898922575,Index (2010=100),World Bank
2012,CHN,China,108.318908982374,Index (2010=100),World Bank
2013,CHN,China,111.158001765192,Index (2010=100),World Bank
2014,CHN,China,113.294060199837,Index (2010=100),World Bank
2015,CHN,China,114.922122819495,Index (2010=100),World Bank
2016,CHN,China,117.220567369674,Index (2010=100),World Bank
2017,CHN,China,119.088050428682,Index (2010=100),World Bank
2018,CHN,China,121.558877866113,Index (2010=100),World Bank
2019,CHN,China,125.083154382075,Index (2010=100),World Bank
2020,CHN,China,128.109443605623,Index (2010=100),World Bank
2021,CHN,China,129.366216637457,Index (2010=100),World Bank
2022,CHN,China,131.919356668535,Index (2010=100),World Bank
2023,CHN,China,132.229151902431,Index (2010=100),World Bank
2024,CHN,China,132.517581947783,Index (2010=100),World Bank
1960,DEU,Germany,24.6460704672795,Index (2010=100),World Bank
1961,DEU,Germany,25.2113761550113,Index (2010=100),World Bank
1962,DEU,Germany,25.9282036997301,Index (2010=100),World Bank
1963,DEU,Germany,26.6974830741086,Index (2010=100),World Bank
1964,DEU,Germany,27.321065747114,Index (2010=100),World Bank
1965,DEU,Germany,28.206901917499,Index (2010=100),World Bank
1966,DEU,Germany,29.203468786457,Index (2010=100),World Bank
1967,DEU,Germany,29.7279776648559,Index (2010=100),World Bank
1968,DEU,Germany,30.1650649435156,Index (2010=100),World Bank
1969,DEU,Germany,30.7420256515742,Index (2010=100),World Bank
1970,DEU,Germany,31.8027021959782,Index (2010=100),World Bank
1971,DEU,Germany,33.4694737028883,Index (2010=100),World Bank
1972,DEU,Germany,35.305251951825,Index (2010=100),World Bank
1973,DEU,Germany,37.7879257398802,Index (2010=100),World Bank
1974,DEU,Germany,40.4279531332749,Index (2010=100),World Bank
1975,DEU,Germany,42.8173811077969,Index (2010=100),World Bank
1976,DEU,Germany,44.6356772971534,Index (2010=100),World Bank
1977,DEU,Germany,46.302445978604,Index (2010=100),World Bank
1978,DEU,Germany,47.5612691704011,Index (2010=100),World Bank
1979,DEU,Germany,49.4844661936176,Index (2010=100),World Bank
1980,DEU,Germany,52.1769444748521,Index (2010=100),World Bank
1981,DEU,Germany,55.487176506199,Index (2010=100),World Bank
1982,DEU,Germany,58.3952844362268,Index (2010=100),World Bank
1983,DEU,Germany,60.3184833430829,Index (2010=100),World Bank
1984,DEU,Germany,61.7696214339205,Index (2010=100),World Bank
1985,DEU,Germany,63.045925743478,Index (2010=100),World Bank
1986,DEU,Germany,62.9643358920914,Index (2010=100),World Bank
1987,DEU,Germany,63.1216876137913,Index (2010=100),World Bank
1988,DEU,Germany,63.9259329909699,Index (2010=100),World Bank
1989,DEU,Germany,65.7034380219124,Index (2010=100),World Bank
1990,DEU,Germany,67.4751103626825,Index (2010=100),World Bank
1991,DEU,Germany,70.2058500742827,Index (2010=100),World Bank
1992,DEU,Germany,73.756144444307,Index (2010=100),World Bank
1993,DEU,Germany,77.0564195564705,Index (2010=100),World Bank
1994,DEU,Germany,79.1315923938292,Index (2010=100),World Bank
1995,DEU,Germany,80.4817042975643,Index (2010=100),World Bank
1996,DEU,Germany,81.6484693106268,Index (2010=100),World Bank
1997,DEU,Germany,83.2319368540699,Index (2010=100),World Bank
1998,DEU,Germany,83.9903325585578,Index (2010=100),World Bank
1999,DEU,Germany,84.482039736113,Index (2010=100),World Bank
2000,DEU,Germany,85.6988078472918,Index (2010=100),World Bank
2001,DEU,Germany,87.3989499142195,Index (2010=100),World Bank
2002,DEU,Germany,88.6407195744564,Index (2010=100),World Bank
2003,DEU,Germany,89.5574615623787,Index (2010=100),World Bank
2004,DEU,Germany,91.0492533059359,Index (2010=100),World Bank
2005,DEU,Germany,92.457704355053,Index (2010=100),World Bank
2006,DEU,Germany,93.9161566186468,Index (2010=100),World Bank
2007,DEU,Germany,96.0746729759051,Index (2010=100),World Bank
2008,DEU,Germany,98.5998802890494,Index (2010=100),World Bank
2009,DEU,Germany,98.9082405759318,Index (2010=100),World Bank
2010,DEU,Germany,100.0,Index (2010=100),World Bank
2011,DEU,Germany,102.075172837359,Index (2010=100),World Bank
2012,DEU,Germany,104.1253413002,Index (2010=100),World Bank
2013,DEU,Germany,105.692139574571,Index (2010=100),World Bank
2014,DEU,Germany,106.650549555164,Index (2010=100),World Bank
2015,DEU,Germany,107.199187857464,Index (2010=100),World Bank
2016,DEU,Germany,107.72633665683,Index (2010=100),World Bank
2017,DEU,Germany,109.35246016194,Index (2010=100),World Bank
2018,DEU,Germany,111.246629356349,Index (2010=100),World Bank
2019,DEU,Germany,112.854877121191,Index (2010=100),World Bank
2020,DEU,Germany,113.018378926344,Index (2010=100),World Bank
2021,DEU,Germany,116.484275880086,Index (2010=100),World Bank
2022,DEU,Germany,124.489744387368,Index (2010=100),World Bank
2023,DEU,Germany,131.892448207044,Index (2010=100),World Bank
2024,DEU,Germany,134.868598852104,Index (2010=100),World Bank
1960,ESP,Spain,2.8588172636632,Index (2010=100),World Bank
1961,ESP,Spain,2.88195232452844,Index (2010=100),World Bank
1962,ESP,Spain,3.04641027663252,Index (2010=100),World Bank
1963,ESP,Spain,3.31277918143836,Index (2010=100),World Bank
1964,ESP,Spain,3.54398621445885,Index (2010=100),World Bank
1965,ESP,Spain,4.01229343780496,Index (2010=100),World Bank
1966,ESP,Spain,4.2626752767703,Index (2010=100),World Bank
1967,ESP,Spain,4.53512975493322,Index (2010=100),World Bank
1968,ESP,Spain,4.75981668689015,Index (2010=100),World Bank
1969,ESP,Spain,4.86264525036417,Index (2010=100),World Bank
1970,ESP,Spain,5.14133049286065,Index (2010=100),World Bank
1971,ESP,Spain,5.56481608351142,Index (2010=100),World Bank
1972,ESP,Spain,6.02515367153582,Index (2010=100),World Bank
1973,ESP,Spain,6.71302784949169,Index (2010=100),World Bank
1974,ESP,Spain,7.76565568263989,Index (2010=100),World Bank
1975,ESP,Spain,9.08218949512879,Index (2010=100),World Bank
1976,ESP,Spain,10.6829144998085,Index (2010=100),World Bank
1977,ESP,Spain,13.3042948213001,Index (2010=100),World Bank
1978,ESP,Spain,15.9350422412622,Index (2010=100),World Bank
1979,ESP,Spain,18.4305073987535,Index (2010=100),World Bank
1980,ESP,Spain,21.2986449158928,Index (2010=100),World Bank
1981,ESP,Spain,24.3974583977492,Index (2010=100),World Bank
1982,ESP,Spain,27.9143525271117,Index (2010=100),World Bank
1983,ESP,Spain,31.312666107314,Index (2010=100),World Bank
1984,ESP,Spain,34.8448214426548,Index (2010=100),World Bank
1985,ESP,Spain,37.9162025718187,Index (2010=100),World Bank
1986,ESP,Spain,41.2509095815592,Index (2010=100),World Bank
1987,ESP,Spain,43.4157650034635,Index (2010=100),World Bank
1988,ESP,Spain,45.5159030679195,Index (2010=100),World Bank
1989,ESP,Spain,48.6070864218881,Index (2010=100),World Bank
1990,ESP,Spain,51.8743670462093,Index (2010=100),World Bank
1991,ESP,Spain,54.952702709123,Index (2010=100),World Bank
1992,ESP,Spain,58.2083927605955,Index (2010=100),World Bank
1993,ESP,Spain,60.8679759826759,Index (2010=100),World Bank
1994,ESP,Spain,63.7399789245035,Index (2010=100),World Bank
1995,ESP,Spain,66.7190602114961,Index (2010=100),World Bank
1996,ESP,Spain,69.0934885457812,Index (2010=100),World Bank
1997,ESP,Spain,70.455372303681,Index (2010=100),World Bank
1998,ESP,Spain,71.7477563338138,Index (2010=100),World Bank
1999,ESP,Spain,73.405379287671,Index (2010=100),World Bank
2000,ESP,Spain,75.925764461848,Index (2010=100),World Bank
2001,ESP,Spain,78.6513734705299,Index (2010=100),World Bank
2002,ESP,Spain,81.0625546960444,Index (2010=100),World Bank
2003,ESP,Spain,83.5259552625553,Index (2010=100),World Bank
2004,ESP,Spain,86.0645168646731,Index (2010=100),World Bank
2005,ESP,Spain,88.9638704417587,Index (2010=100),World Bank
2006,ESP,Spain,92.09146271357,Index (2010=100),World Bank
2007,ESP,Spain,94.6578652555523,Index (2010=100),World Bank
2008,ESP,Spain,98.5154982815584,Index (2010=100),World Bank
2009,ESP,Spain,98.2319577881941,Index (2010=100),World Bank
2010,ESP,Spain,100.0,Index (2010=100),World Bank
2011,ESP,Spain,103.196101888338,Index (2010=100),World Bank
2012,ESP,Spain,105.720410449569,Index (2010=100),World Bank
2013,ESP,Spain,107.209568161367,Index (2010=100),World Bank
2014,ESP,Spain,107.047558596627,Index (2010=100),World Bank
2015,ESP,Spain,106.511929320121,Index (2010=100),World Bank
2016,ESP,Spain,106.296138281102,Index (2010=100),World Bank
2017,ESP,Spain,108.375371885592,Index (2010=100),World Bank
2018,ESP,Spain,110.190639172868,Index (2010=100),World Bank
2019,ESP,Spain,110.961443623997,Index (2010=100),World Bank
2020,ESP,Spain,110.603312216661,Index (2010=100),World Bank
2021,ESP,Spain,114.024422110457,Index (2010=100),World Bank
2022,ESP,Spain,123.591728295232,Index (2010=100),World Bank
2023,ESP,Spain,127.957434718697,Index (2010=100),World Bank
2024,ESP,Spain,131.50720206156,Index (2010=100),World Bank
1960,FRA,France,10.4335934118144,Index (2010=100),World Bank
1961,FRA,France,10.684047757307,Index (2010=100),World Bank
1962,FRA,France,11.2536442661317,Index (2010=100),World Bank
1963,FRA,France,11.8162311495891,Index (2010=100),World Bank
1964,FRA,France,12.1956729838639,Index (2010=100),World Bank
1965,FRA,France,12.5253347762586,Index (2010=100),World Bank
1966,FRA,France,12.8512440831266,Index (2010=100),World Bank
1967,FRA,France,13.2100221717785,Index (2010=100),World Bank
1968,FRA,France,13.8101805416249,Index (2010=100),World Bank
1969,FRA,France,14.6451389255486,Index (2010=100),World Bank
1970,FRA,France,15.4212787485263,Index (2010=100),World Bank
1971,FRA,France,16.2536451459642,Index (2010=100),World Bank
1972,FRA,France,17.239104154569,Index (2010=100),World Bank
1973,FRA,France,18.5114536592233,Index (2010=100),World Bank
1974,FRA,France,21.0381407380035,Index (2010=100),World Bank
1975,FRA,France,23.4966425592567,Index (2010=100),World Bank
1976,FRA,France,25.7583108976051,Index (2010=100),World Bank
1977,FRA,France,28.2039478083373,Index (2010=100),World Bank
1978,FRA,France,30.8129704904186,Index (2010=100),World Bank
1979,FRA,France,34.0935455489275,Index (2010=100),World Bank
1980,FRA,France,38.7175095461824,Index (2010=100),World Bank
1981,FRA,France,43.872515792993,Index (2010=100),World Bank
1982,FRA,France,49.1277727920604,Index (2010=100),World Bank
1983,FRA,France,53.7750382727129,Index (2010=100),World Bank
1984,FRA,France,57.9016285699203,Index (2010=100),World Bank
1985,FRA,France,61.2779302820743,Index (2010=100),World Bank
1986,FRA,France,62.8334864241848,Index (2010=100),World Bank
1987,FRA,France,64.9000158369846,Index (2010=100),World Bank
1988,FRA,France,66.65284537824,Index (2010=100),World Bank
1989,FRA,France,68.9845633391402,Index (2010=100),World Bank
1990,FRA,France,71.1881257808513,Index (2010=100),World Bank
1991,FRA,France,73.4756902285804,Index (2010=100),World Bank
1992,FRA,France,75.2124795438948,Index (2010=100),World Bank
1993,FRA,France,76.7952981752274,Index (2010=100),World Bank
1994,FRA,France,78.0666561086769,Index (2010=100),World Bank
1995,FRA,France,79.4691090816308,Index (2010=100),World Bank
1996,FRA,France,81.0448890531243,Index (2010=100),World Bank
1997,FRA,France,82.0206232733287,Index (2010=100),World Bank
1998,FRA,France,82.5546815886255,Index (2010=100),World Bank
1999,FRA,France,82.998117158493,Index (2010=100),World Bank
2000,FRA,France,84.3891323092083,Index (2010=100),World Bank
2001,FRA,France,85.768709637685,Index (2010=100),World Bank
2002,FRA,France,87.4183955374896,Index (2010=100),World Bank
2003,FRA,France,89.2528462580725,Index (2010=100),World Bank
2004,FRA,France,91.1647222368861,Index (2010=100),World Bank
2005,FRA,France,92.7563391930176,Index (2010=100),World Bank
2006,FRA,France,94.3101233525136,Index (2010=100),World Bank
2007,FRA,France,95.7134561579475,Index (2010=100),World Bank
2008,FRA,France,98.4057435464287,Index (2010=100),World Bank
2009,FRA,France,98.4919671294585,Index (2010=100),World Bank
2010,FRA,France,100.0,Index (2010=100),World Bank
2011,FRA,France,102.11159795175,Index (2010=100),World Bank
2012,FRA,France,104.107058016154,Index (2010=100),World Bank
2013,FRA,France,105.006246810607,Index (2010=100),World Bank
2014,FRA,France,105.539425293424,Index (2010=100),World Bank
2015,FRA,France,105.579017755019,Index (2010=100),World Bank
2016,FRA,France,105.772580900596,Index (2010=100),World Bank
2017,FRA,France,106.864453008147,Index (2010=100),World Bank
2018,FRA,France,108.842316422953,Index (2010=100),World Bank
2019,FRA,France,110.04856675289,Index (2010=100),World Bank
2020,FRA,France,110.572946910908,Index (2010=100),World Bank
2021,FRA,France,112.388921149413,Index (2010=100),World Bank
2022,FRA,France,118.258283622798,Index (2010=100),World Bank
2023,FRA,France,124.027345193475,Index (2010=100),World Bank
2024,FRA,France,126.506713121822,Index (2010=100),World Bank
1960,GBR,United Kingdom,6.27328379877936,Index (2010=100),World Bank
1961,GBR,United Kingdom,6.48955502126873,Index (2010=100),World Bank
1962,GBR,United Kingdom,6.76188912520806,Index (2010=100),World Bank
1963,GBR,United Kingdom,6.89838080266322,Index (2010=100),World Bank
1964,GBR,United Kingdom,7.12475716663584,Index (2010=100),World Bank
1965,GBR,United Kingdom,7.46487701128167,Index (2010=100),World Bank
1966,GBR,United Kingdom,7.75672517107453,Index (2010=100),World Bank
1967,GBR,United Kingdom,7.94925605696319,Index (2010=100),World Bank
1968,GBR,United Kingdom,8.32266663584243,Index (2010=100),World Bank
1969,GBR,United Kingdom,8.77597429258369,Index (2010=100),World Bank
1970,GBR,United Kingdom,9.33470270020344,Index (2010=100),World Bank
1971,GBR,United Kingdom,10.2163501941927,Index (2010=100),World Bank
1972,GBR,United Kingdom,10.9387583687812,Index (2010=100),World Bank
1973,GBR,United Kingdom,11.9446902163862,Index (2010=100),World Bank
1974,GBR,United Kingdom,13.8610976511929,Index (2010=100),World Bank
1975,GBR,United Kingdom,17.2164934344368,Index (2010=100),World Bank
1976,GBR,United Kingdom,20.0674625485482,Index (2010=100),World Bank
1977,GBR,United Kingdom,23.2462021453671,Index (2010=100),World Bank
1978,GBR,United Kingdom,25.1670686147587,Index (2010=100),World Bank
1979,GBR,United Kingdom,28.5448113556501,Index (2010=100),World Bank
1980,GBR,United Kingdom,33.673150545589,Index (2010=100),World Bank
1981,GBR,United Kingdom,37.6723848714629,Index (2010=100),World Bank
1982,GBR,United Kingdom,40.911781949325,Index (2010=100),World Bank
1983,GBR,United Kingdom,42.7975300536342,Index (2010=100),World Bank
1984,GBR,United Kingdom,44.9205918254115,Index (2010=100),World Bank
1985,GBR,United Kingdom,47.6478980950619,Index (2010=100),World Bank
1986,GBR,United Kingdom,49.2810819308304,Index (2010=100),World Bank
1987,GBR,United Kingdom,51.325715738857,Index (2010=100),World Bank
1988,GBR,United Kingdom,53.4584797484742,Index (2010=100),World Bank
1989,GBR,United Kingdom,56.5378213427039,Index (2010=100),World Bank
1990,GBR,United Kingdom,61.0967264656926,Index (2010=100),World Bank
1991,GBR,United Kingdom,65.6556315886813,Index (2010=100),World Bank
1992,GBR,United Kingdom,68.6702422785278,Index (2010=100),World Bank
1993,GBR,United Kingdom,70.4272239689291,Index (2010=100),World Bank
1994,GBR,United Kingdom,71.9900129461809,Index (2010=100),World Bank
1995,GBR,United Kingdom,73.9319400776771,Index (2010=100),World Bank
1996,GBR,United Kingdom,76.0403181061587,Index (2010=100),World Bank
1997,GBR,United Kingdom,77.7140743480673,Index (2010=100),World Bank
1998,GBR,United Kingdom,79.1289069724431,Index (2010=100),World Bank
1999,GBR,United Kingdom,80.5159977806547,Index (2010=100),World Bank
2000,GBR,United Kingdom,81.4684668022933,Index (2010=100),World Bank
2001,GBR,United Kingdom,82.7168485296837,Index (2010=100),World Bank
2002,GBR,United Kingdom,83.9744775291289,Index (2010=100),World Bank
2003,GBR,United Kingdom,85.1303865359719,Index (2010=100),World Bank
2004,GBR,United Kingdom,86.3140373589791,Index (2010=100),World Bank
2005,GBR,United Kingdom,88.1172554096541,Index (2010=100),World Bank
2006,GBR,United Kingdom,90.2811170704642,Index (2010=100),World Bank
2007,GBR,United Kingdom,92.4357314592195,Index (2010=100),World Bank
2008,GBR,United Kingdom,95.6907712224893,Index (2010=100),World Bank
2009,GBR,United Kingdom,97.5679674496024,Index (2010=100),World Bank
2010,GBR,United Kingdom,100.0,Index (2010=100),World Bank
2011,GBR,United Kingdom,103.856112446828,Index (2010=100),World Bank
2012,GBR,United Kingdom,106.528574070649,Index (2010=100),World Bank
2013,GBR,United Kingdom,108.969853893102,Index (2010=100),World Bank
2014,GBR,United Kingdom,110.551137414463,Index (2010=100),World Bank
2015,GBR,United Kingdom,110.958017384871,Index (2010=100),World Bank
2016,GBR,United Kingdom,112.076937303495,Index (2010=100),World Bank
2017,GBR,United Kingdom,114.943591640466,Index (2010=100),World Bank
2018,GBR,United Kingdom,117.579064176068,Index (2010=100),World Bank
2019,GBR,United Kingdom,119.622711300166,Index (2010=100),World Bank
2020,GBR,United Kingdom,120.806362123174,Index (2010=100),World Bank
2021,GBR,United Kingdom,123.848714629184,Index (2010=100),World Bank
2022,GBR,United Kingdom,133.660070279268,Index (2010=100),World Bank
2023,GBR,United Kingdom,142.740891437026,Index (2010=100),World Bank
2024,GBR,United Kingdom,147.410763824672,Index (2010=100),World Bank
1960,IDN,Indonesia,0.000277683799891138,Index (2010=100),World Bank
1961,IDN,Indonesia,0.000315704075670854,Index (2010=100),World Bank
1962,IDN,Indonesia,0.000730532441767395,Index (2010=100),World Bank
1963,IDN,Indonesia,0.00179645803059157,Index (2010=100),World Bank
1964,IDN,Indonesia,0.00375450223324693,Index (2010=100),World Bank
1965,IDN,Indonesia,0.0152719300605166,Index (2010=100),World Bank
1966,IDN,Indonesia,0.18879986338662,Index (2010=100),World Bank
1967,IDN,Indonesia,0.388927718576436,Index (2010=100),World Bank
1968,IDN,Indonesia,0.890034022648422,Index (2010=100),World Bank
1969,IDN,Indonesia,1.02781013422518,Index (2010=100),World Bank
1970,IDN,Indonesia,1.15525308847503,Index (2010=100),World Bank
1971,IDN,Indonesia,1.20416360391907,Index (2010=100),World Bank
1972,IDN,Indonesia,1.28269613427885,Index (2010=100),World Bank
1973,IDN,Indonesia,1.68086914535085,Index (2010=100),World Bank
1974,IDN,Indonesia,2.36148315723124,Index (2010=100),World Bank
1975,IDN,Indonesia,2.81407786700618,Index (2010=100),World Bank
1976,IDN,Indonesia,3.37207162198117,Index (2010=100),World Bank
1977,IDN,Indonesia,3.74475600558161,Index (2010=100),World Bank
1978,IDN,Indonesia,4.04855242952534,Index (2010=100),World Bank
1979,IDN,Indonesia,4.70574446187927,Index (2010=100),World Bank
1980,IDN,Indonesia,5.55444571788907,Index (2010=100),World Bank
1981,IDN,Indonesia,6.23574894811575,Index (2010=100),World Bank
1982,IDN,Indonesia,6.82474187294335,Index (2010=100),World Bank
1983,IDN,Indonesia,7.63004370521403,Index (2010=100),World Bank
1984,IDN,Indonesia,8.42776743161877,Index (2010=100),World Bank
1985,IDN,Indonesia,8.82594035113679,Index (2010=100),World Bank
1986,IDN,Indonesia,9.33984546402637,Index (2010=100),World Bank
1987,IDN,Indonesia,10.2064576078577,Index (2010=100),World Bank
1988,IDN,Indonesia,11.0276045955446,Index (2010=100),World Bank
1989,IDN,Indonesia,11.7350849391573,Index (2010=100),World Bank
1990,IDN,Indonesia,12.6526736970539,Index (2010=100),World Bank
1991,IDN,Indonesia,13.8444364062086,Index (2010=100),World Bank
1992,IDN,Indonesia,14.886024956351,Index (2010=100),World Bank
1993,IDN,Indonesia,16.3257854189175,Index (2010=100),World Bank
1994,IDN,Indonesia,17.7187022886471,Index (2010=100),World Bank
1995,IDN,Indonesia,19.3878613139975,Index (2010=100),World Bank
1996,IDN,Indonesia,20.9337099485565,Index (2010=100),World Bank
1997,IDN,Indonesia,22.2370723791783,Index (2010=100),World Bank
1998,IDN,Indonesia,35.2348734448905,Index (2010=100),World Bank
1999,IDN,Indonesia,42.4502113216876,Index (2010=100),World Bank
2000,IDN,Indonesia,44.016037949783,Index (2010=100),World Bank
2001,IDN,Indonesia,49.0779328792702,Index (2010=100),World Bank
2002,IDN,Indonesia,54.9182645910513,Index (2010=100),World Bank
2003,IDN,Indonesia,58.6292659267048,Index (2010=100),World Bank
2004,IDN,Indonesia,62.1845797227916,Index (2010=100),World Bank
2005,IDN,Indonesia,68.6848572274766,Index (2010=100),World Bank
2006,IDN,Indonesia,77.6885299427697,Index (2010=100),World Bank
2007,IDN,Indonesia,82.6656944122492,Index (2010=100),World Bank
2008,IDN,Indonesia,91.1196376754983,Index (2010=100),World Bank
2009,IDN,Indonesia,95.1165236317343,Index (2010=100),World Bank
2010,IDN,Indonesia,100.0,Index (2010=100),World Bank
2011,IDN,Indonesia,105.356047789822,Index (2010=100),World Bank
2012,IDN,Indonesia,109.864759851215,Index (2010=100),World Bank
2013,IDN,Indonesia,116.909852190406,Index (2010=100),World Bank
2014,IDN,Indonesia,124.386150032818,Index (2010=100),World Bank
2015,IDN,Indonesia,132.300991429788,Index (2010=100),World Bank
2016,IDN,Indonesia,136.965666608222,Index (2010=100),World Bank
2017,IDN,Indonesia,142.182412273917,Index (2010=100),World Bank
2018,IDN,Indonesia,146.729898360527,Index (2010=100),World Bank
2019,IDN,Indonesia,151.176675071352,Index (2010=100),World Bank
2020,IDN,Indonesia,154.080730631506,Index (2010=100),World Bank
2021,IDN,Indonesia,156.484590188327,Index (2010=100),World Bank
2022,IDN,Indonesia,163.071752418121,Index (2010=100),World Bank
2023,IDN,Indonesia,169.056700046911,Index (2010=100),World Bank
1960,IND,India,2.52748668877309,Index (2010=100),World Bank
1961,IND,India,2.57033297015633,Index (2010=100),World Bank
1962,IND,India,2.66369298910469,Index (2010=100),World Bank
1963,IND,India,2.74216968261487,Index (2010=100),World Bank
1964,IND,India,3.10839360492657,Index (2010=100),World Bank
1965,IND,India,3.40290639507342,Index (2010=100),World Bank
1966,IND,India,3.77048318332544,Index (2010=100),World Bank
1967,IND,India,4.26299133112269,Index (2010=100),World Bank
1968,IND,India,4.40100194220749,Index (2010=100),World Bank
1969,IND,India,4.37529407863572,Index (2010=100),World Bank
1970,IND,India,4.59809549976314,Index (2010=100),World Bank
1971,IND,India,4.73971402179062,Index (2010=100),World Bank
1972,IND,India,5.04505101847466,Index (2010=100),World Bank
1973,IND,India,5.89972382756987,Index (2010=100),World Bank
1974,IND,India,7.58697015632402,Index (2010=100),World Bank
1975,IND,India,8.02310184746566,Index (2010=100),World Bank
1976,IND,India,7.41062245381335,Index (2010=100),World Bank
1977,IND,India,8.02625769777357,Index (2010=100),World Bank
1978,IND,India,8.22876409284699,Index (2010=100),World Bank
1979,IND,India,8.74517527238275,Index (2010=100),World Bank
1980,IND,India,9.7374092846992,Index (2010=100),World Bank
1981,IND,India,11.0142316437707,Index (2010=100),World Bank
1982,IND,India,11.8833363334912,Index (2010=100),World Bank
1983,IND,India,13.2936603505448,Index (2010=100),World Bank
1984,IND,India,14.3995476077688,Index (2010=100),World Bank
1985,IND,India,15.1996475603979,Index (2010=100),World Bank
1986,IND,India,16.5265343439129,Index (2010=100),World Bank
1987,IND,India,17.9810554239697,Index (2010=100),World Bank
1988,IND,India,19.6683027001421,Index (2010=100),World Bank
1989,IND,India,21.0596935101847,Index (2010=100),World Bank
1990,IND,India,22.9490075793463,Index (2010=100),World Bank
1991,IND,India,26.1320914258645,Index (2010=100),World Bank
1992,IND,India,29.2124945523449,Index (2010=100),World Bank
1993,IND,India,31.0607370914259,Index (2010=100),World Bank
1994,IND,India,34.2438214116532,Index (2010=100),World Bank
1995,IND,India,37.7452131691141,Index (2010=100),World Bank
1996,IND,India,41.1336584557082,Index (2010=100),World Bank
1997,IND,India,44.0805774514448,Index (2010=100),World Bank
1998,IND,India,49.9128076740881,Index (2010=100),World Bank
1999,IND,India,52.2436461392705,Index (2010=100),World Bank
2000,IND,India,54.3383216485078,Index (2010=100),World Bank
2001,IND,India,56.3919261013738,Index (2010=100),World Bank
2002,IND,India,58.815172903837,Index (2010=100),World Bank
2003,IND,India,61.0535954523922,Index (2010=100),World Bank
2004,IND,India,63.3536380862151,Index (2010=100),World Bank
2005,IND,India,66.0438512553292,Index (2010=100),World Bank
2006,IND,India,69.8720985315016,Index (2010=100),World Bank
2007,IND,India,74.3249644718143,Index (2010=100),World Bank
2008,IND,India,80.5305542396968,Index (2010=100),World Bank
2009,IND,India,89.2941733775462,Index (2010=100),World Bank
2010,IND,India,100.0,Index (2010=100),World Bank
2011,IND,India,108.911793364834,Index (2010=100),World Bank
2012,IND,India,119.235538897084,Index (2010=100),World Bank
2013,IND,India,131.18041028234,Index (2010=100),World Bank
2014,IND,India,139.924446113916,Index (2010=100),World Bank
2015,IND,India,146.790501522574,Index (2010=100),World Bank
2016,IND,India,154.054013105394,Index (2010=100),World Bank
2017,IND,India,159.18119775209,Index (2010=100),World Bank
2018,IND,India,165.451068899504,Index (2010=100),World Bank
2019,IND,India,171.621576003377,Index (2010=100),World Bank
2020,IND,India,182.988822584425,Index (2010=100),World Bank
2021,IND,India,192.378724699015,Index (2010=100),World Bank
2022,IND,India,205.266241146235,Index (2010=100),World Bank
2023,IND,India,216.862025027426,Index (2010=100),World Bank
2024,IND,India,227.603278134168,Index (2010=100),World Bank
1960,ITA,Italy,4.1478356168675,Index (2010=100),World Bank
1961,ITA,Italy,4.23289517040142,Index (2010=100),World Bank
1962,ITA,Italy,4.43146636159585,Index (2010=100),World Bank
1963,ITA,Italy,4.76181969210581,Index (2010=100),World Bank
1964,ITA,Italy,5.04335383070425,Index (2010=100),World Bank
1965,ITA,Italy,5.27127652200705,Index (2010=100),World Bank
1966,ITA,Italy,5.39497171356003,Index (2010=100),World Bank
1967,ITA,Italy,5.59638425993536,Index (2010=100),World Bank
1968,ITA,Italy,5.66786762342351,Index (2010=100),World Bank
1969,ITA,Italy,5.81847719079905,Index (2010=100),World Bank
1970,ITA,Italy,6.10755774939256,Index (2010=100),World Bank
1971,ITA,Italy,6.400211418762,Index (2010=100),World Bank
1972,ITA,Italy,6.76819182627925,Index (2010=100),World Bank
1973,ITA,Italy,7.49906297020349,Index (2010=100),World Bank
1974,ITA,Italy,8.93586615636377,Index (2010=100),World Bank
1975,ITA,Italy,10.4505403785668,Index (2010=100),World Bank
1976,ITA,Italy,12.1868105543459,Index (2010=100),World Bank
1977,ITA,Italy,14.274417147842,Index (2010=100),World Bank
1978,ITA,Italy,16.0007671336392,Index (2010=100),World Bank
1979,ITA,Italy,18.3686524290589,Index (2010=100),World Bank
1980,ITA,Italy,22.2378562869468,Index (2010=100),World Bank
1981,ITA,Italy,26.2338431191814,Index (2010=100),World Bank
1982,ITA,Italy,30.557289236041,Index (2010=100),World Bank
1983,ITA,Italy,35.0328860337616,Index (2010=100),World Bank
1984,ITA,Italy,38.8145095180515,Index (2010=100),World Bank
1985,ITA,Italy,42.3877699427438,Index (2010=100),World Bank
1986,ITA,Italy,44.8562416131162,Index (2010=100),World Bank
1987,ITA,Italy,46.9856951996717,Index (2010=100),World Bank
1988,ITA,Italy,49.3623479415055,Index (2010=100),World Bank
1989,ITA,Italy,52.4523476876402,Index (2010=100),World Bank
1990,ITA,Italy,55.838990721391,Index (2010=100),World Bank
1991,ITA,Italy,59.328927249434,Index (2010=100),World Bank
1992,ITA,Italy,62.455911747802,Index (2010=100),World Bank
1993,ITA,Italy,65.3455810784169,Index (2010=100),World Bank
1994,ITA,Italy,67.9932808957477,Index (2010=100),World Bank
1995,ITA,Italy,71.5530164769477,Index (2010=100),World Bank
1996,ITA,Italy,74.4201291680352,Index (2010=100),World Bank
1997,ITA,Italy,75.9406126299779,Index (2010=100),World Bank
1998,ITA,Italy,77.4253165947392,Index (2010=100),World Bank
1999,ITA,Italy,78.7132557275131,Index (2010=100),World Bank
2000,ITA,Italy,80.7107504637521,Index (2010=100),World Bank
2001,ITA,Italy,82.9586783816502,Index (2010=100),World Bank
2002,ITA,Italy,85.0038779193305,Index (2010=100),World Bank
2003,ITA,Italy,87.2756537574471,Index (2010=100),World Bank
2004,ITA,Italy,89.201597564227,Index (2010=100),World Bank
2005,ITA,Italy,90.9725106234272,Index (2010=100),World Bank
2006,ITA,Italy,92.8746038216872,Index (2010=100),World Bank
2007,ITA,Italy,94.5739686397295,Index (2010=100),World Bank
2008,ITA,Italy,97.740146777842,Index (2010=100),World Bank
2009,ITA,Italy,98.497406286648,Index (2010=100),World Bank
2010,ITA,Italy,100.0,Index (2010=100),World Bank
2011,ITA,Italy,102.780632728793,Index (2010=100),World Bank
2012,ITA,Italy,105.90656520528,Index (2010=100),World Bank
2013,ITA,Italy,107.198618335037,Index (2010=100),World Bank
2014,ITA,Italy,107.457017849343,Index (2010=100),World Bank
2015,ITA,Italy,107.498700856028,Index (2010=100),World Bank
2016,ITA,Italy,107.397634171255,Index (2010=100),World Bank
2017,ITA,Italy,108.714901774357,Index (2010=100),World Bank
2018,ITA,Italy,109.951520340534,Index (2010=100),World Bank
2019,ITA,Italy,110.623595648239,Index (2010=100),World Bank
2020,ITA,Italy,110.471258578492,Index (2010=100),World Bank
2021,ITA,Italy,112.541250526224,Index (2010=100),World Bank
2022,ITA,Italy,121.771084752039,Index (2010=100),World Bank
2023,ITA,Italy,128.617291886527,Index (2010=100),World Bank
2024,ITA,Italy,129.880793465012,Index (2010=100),World Bank
1960,JPN,Japan,18.9725686020745,Index (2010=100),World Bank
1961,JPN,Japan,19.991103697072,Index (2010=100),World Bank
1962,JPN,Japan,21.3575836652316,Index (2010=100),World Bank
1963,JPN,Japan,22.7900166324067,Index (2010=100),World Bank
1964,JPN,Japan,23.6561260208547,Index (2010=100),World Bank
1965,JPN,Japan,25.2306756261743,Index (2010=100),World Bank
1966,JPN,Japan,26.5025116118097,Index (2010=100),World Bank
1967,JPN,Japan,27.5599215648415,Index (2010=100),World Bank
1968,JPN,Japan,29.0314650999065,Index (2010=100),World Bank
1969,JPN,Japan,30.5555650254969,Index (2010=100),World Bank
1970,JPN,Japan,32.6712854640853,Index (2010=100),World Bank
1971,JPN,Japan,34.760728139114,Index (2010=100),World Bank
1972,JPN,Japan,36.4443699640338,Index (2010=100),World Bank
1973,JPN,Japan,40.6750596779349,Index (2010=100),World Bank
1974,JPN,Japan,50.1207220187673,Index (2010=100),World Bank
1975,JPN,Japan,56.0005173150257,Index (2010=100),World Bank
1976,JPN,Japan,61.2500261845194,Index (2010=100),World Bank
1977,JPN,Japan,66.2491472954352,Index (2010=100),World Bank
1978,JPN,Japan,69.0379488823536,Index (2010=100),World Bank
1979,JPN,Japan,71.5936308319755,Index (2010=100),World Bank
1980,JPN,Japan,77.1625999451719,Index (2010=100),World Bank
1981,JPN,Japan,80.9529525664017,Index (2010=100),World Bank
1982,JPN,Japan,83.1719061510396,Index (2010=100),World Bank
1983,JPN,Japan,84.751939248272,Index (2010=100),World Bank
1984,JPN,Japan,86.6687007104884,Index (2010=100),World Bank
1985,JPN,Japan,88.4300490811738,Index (2010=100),World Bank
1986,JPN,Japan,88.9567267802513,Index (2010=100),World Bank
1987,JPN,Japan,89.0689695685793,Index (2010=100),World Bank
1988,JPN,Japan,89.6733538134223,Index (2010=100),World Bank
1989,JPN,Japan,91.7109921246073,Index (2010=100),World Bank
1990,JPN,Japan,94.5343299540883,Index (2010=100),World Bank
1991,JPN,Japan,97.608055542147,Index (2010=100),World Bank
1992,JPN,Japan,99.3262336096294,Index (2010=100),World Bank
1993,JPN,Japan,100.560904281237,Index (2010=100),World Bank
1994,JPN,Japan,101.260263193127,Index (2010=100),World Bank
1995,JPN,Japan,101.130752283518,Index (2010=100),World Bank
1996,JPN,Japan,101.268897253768,Index (2010=100),World Bank
1997,JPN,Japan,103.038879685094,Index (2010=100),World Bank
1998,JPN,Japan,103.720970475702,Index (2010=100),World Bank
1999,JPN,Japan,103.366973989437,Index (2010=100),World Bank
2000,JPN,Japan,102.667615077547,Index (2010=100),World Bank
2001,JPN,Japan,101.907817741173,Index (2010=100),World Bank
2002,JPN,Japan,100.966705131346,Index (2010=100),World Bank
2003,JPN,Japan,100.707683312128,Index (2010=100),World Bank
2004,JPN,Japan,100.699049251487,Index (2010=100),World Bank
2005,JPN,Japan,100.414125250347,Index (2010=100),World Bank
2006,JPN,Japan,100.664513008925,Index (2010=100),World Bank
2007,JPN,Japan,100.724951433409,Index (2010=100),World Bank
2008,JPN,Japan,102.115035196548,Index (2010=100),World Bank
2009,JPN,Japan,100.73358549405,Index (2010=100),World Bank
2010,JPN,Japan,100.0,Index (2010=100),World Bank
2011,JPN,Japan,99.7275443838987,Index (2010=100),World Bank
2012,JPN,Japan,99.6835999296889,Index (2010=100),World Bank
2013,JPN,Japan,100.017577781684,Index (2010=100),World Bank
2014,JPN,Japan,102.777289506064,Index (2010=100),World Bank
2015,JPN,Japan,103.594656354368,Index (2010=100),World Bank
2016,JPN,Japan,103.462822991738,Index (2010=100),World Bank
2017,JPN,Japan,103.963789769731,Index (2010=100),World Bank
2018,JPN,Japan,104.992089998242,Index (2010=100),World Bank
2019,JPN,Japan,105.484267885393,Index (2010=100),World Bank
2020,JPN,Japan,105.457901212867,Index (2010=100),World Bank
2021,JPN,Japan,105.211812269292,Index (2010=100),World Bank
2022,JPN,Japan,107.839690631042,Index (2010=100),World Bank
2023,JPN,Japan,111.364035858675,Index (2010=100),World Bank
2024,JPN,Japan,114.41378098084,Index (2010=100),World Bank
1960,KOR,"Korea, Rep.",1.47695383956344,Index (2010=100),World Bank
1961,KOR,"Korea, Rep.",1.59799984948942,Index (2010=100),World Bank
1962,KOR,"Korea, Rep.",1.70376044890745,Index (2010=100),World Bank
1963,KOR,"Korea, Rep.",2.05629655214998,Index (2010=100),World Bank
1964,KOR,"Korea, Rep.",2.66213973942374,Index (2010=100),World Bank
1965,KOR,"Korea, Rep.",3.02281161478554,Index (2010=100),World Bank
1966,KOR,"Korea, Rep.",3.36322206485076,Index (2010=100),World Bank
1967,KOR,"Korea, Rep.",3.72922269004855,Index (2010=100),World Bank
1968,KOR,"Korea, Rep.",4.13092789771456,Index (2010=100),World Bank
1969,KOR,"Korea, Rep.",4.64273188277156,Index (2010=100),World Bank
1970,KOR,"Korea, Rep.",5.38326351314845,Index (2010=100),World Bank
1971,KOR,"Korea, Rep.",6.11063405475497,Index (2010=100),World Bank
1972,KOR,"Korea, Rep.",6.82490525552065,Index (2010=100),World Bank
1973,KOR,"Korea, Rep.",7.04473743622596,Index (2010=100),World Bank
1974,KOR,"Korea, Rep.",8.75690447981229,Index (2010=100),World Bank
1975,KOR,"Korea, Rep.",10.96795774512,Index (2010=100),World Bank
1976,KOR,"Korea, Rep.",12.6490517833574,Index (2010=100),World Bank
1977,KOR,"Korea, Rep.",13.9261842095107,Index (2010=100),World Bank
1978,KOR,"Korea, Rep.",15.9399501385469,Index (2010=100),World Bank
1979,KOR,"Korea, Rep.",18.8607063191287,Index (2010=100),World Bank
1980,KOR,"Korea, Rep.",24.2732780046157,Index (2010=100),World Bank
1981,KOR,"Korea, Rep.",29.4560210020145,Index (2010=100),World Bank
1982,KOR,"Korea, Rep.",31.5741582985358,Index (2010=100),World Bank
1983,KOR,"Korea, Rep.",32.6541884392439,Index (2010=100),World Bank
1984,KOR,"Korea, Rep.",33.3967304471322,Index (2010=100),World Bank
1985,KOR,"Korea, Rep.",34.2179923818492,Index (2010=100),World Bank
1986,KOR,"Korea, Rep.",35.1589806574611,Index (2010=100),World Bank
1987,KOR,"Korea, Rep.",36.2312102980109,Index (2010=100),World Bank
1988,KOR,"Korea, Rep.",38.8203279972831,Index (2010=100),World Bank
1989,KOR,"Korea, Rep.",41.0331509196582,Index (2010=100),World Bank
1990,KOR,"Korea, Rep.",44.5510346637439,Index (2010=100),World Bank
1991,KOR,"Korea, Rep.",48.7088893863028,Index (2010=100),World Bank
1992,KOR,"Korea, Rep.",51.7353097816439,Index (2010=100),World Bank
1993,KOR,"Korea, Rep.",54.2191202463742,Index (2010=100),World Bank
1994,KOR,"Korea, Rep.",57.6164141433632,Index (2010=100),World Bank
1995,KOR,"Korea, Rep.",60.1980564839185,Index (2010=100),World Bank
1996,KOR,"Korea, Rep.",63.1625359874652,Index (2010=100),World Bank
1997,KOR,"Korea, Rep.",65.9662779119937,Index (2010=100),World Bank
1998,KOR,"Korea, Rep.",70.9227070292299,Index (2010=100),World Bank
1999,KOR,"Korea, Rep.",71.4992783210738,Index (2010=100),World Bank
2000,KOR,"Korea, Rep.",73.1145655647234,Index (2010=100),World Bank
2001,KOR,"Korea, Rep.",76.0878248519979,Index (2010=100),World Bank
2002,KOR,"Korea, Rep.",78.1895700028558,Index (2010=100),World Bank
2003,KOR,"Korea, Rep.",80.937835271961,Index (2010=100),World Bank
2004,KOR,"Korea, Rep.",83.8440401670281,Index (2010=100),World Bank
2005,KOR,"Korea, Rep.",86.1529303251801,Index (2010=100),World Bank
2006,KOR,"Korea, Rep.",88.0847721887325,Index (2010=100),World Bank
2007,KOR,"Korea, Rep.",90.3173457652498,Index (2010=100),World Bank
2008,KOR,"Korea, Rep.",94.538685077841,Index (2010=100),World Bank
2009,KOR,"Korea, Rep.",97.1446406656427,Index (2010=100),World Bank
2010,KOR,"Korea, Rep.",100.0,Index (2010=100),World Bank
2011,KOR,"Korea, Rep.",104.025965004361,Index (2010=100),World Bank
2012,KOR,"Korea, Rep.",106.301086763559,Index (2010=100),World Bank
2013,KOR,"Korea, Rep.",107.684433346969,Index (2010=100),World Bank
2014,KOR,"Korea, Rep.",109.057167004994,Index (2010=100),World Bank
2015,KOR,"Korea, Rep.",109.82747242569,Index (2010=100),World Bank
2016,KOR,"Korea, Rep.",110.894650313757,Index (2010=100),World Bank
2017,KOR,"Korea, Rep.",113.050810827499,Index (2010=100),World Bank
2018,KOR,"Korea, Rep.",114.719259179216,Index (2010=100),World Bank
2019,KOR,"Korea, Rep.",115.158634290169,Index (2010=100),World Bank
2020,KOR,"Korea, Rep.",115.777367840135,Index (2010=100),World Bank
2021,KOR,"Korea, Rep.",118.669872413341,Index (2010=100),World Bank
2022,KOR,"Korea, Rep.",124.709591769001,Index (2010=100),World Bank
2023,KOR,"Korea, Rep.",129.195964772806,Index (2010=100),World Bank
2024,KOR,"Korea, Rep.",132.195563411264,Index (2010=100),World Bank
1960,MEX,Mexico,0.0129045481900888,Index (2010=100),World Bank
1961,MEX,Mexico,0.0131121513596533,Index (2010=100),World Bank
1962,MEX,Mexico,0.0132693639798707,Index (2010=100),World Bank
1963,MEX,Mexico,0.0133481913011842,Index (2010=100),World Bank
1964,MEX,Mexico,0.0136602590890651,Index (2010=100),World Bank
1965,MEX,Mexico,0.0141476624140679,Index (2010=100),World Bank
1966,MEX,Mexico,0.0147440979217918,Index (2010=100),World Bank
1967,MEX,Mexico,0.0151889197591989,Index (2010=100),World Bank
1968,MEX,Mexico,0.0155434216938851,Index (2010=100),World Bank
1969,MEX,Mexico,0.0160667692256833,Index (2010=100),World Bank
1970,MEX,Mexico,0.0168706558939436,Index (2010=100),World Bank
1971,MEX,Mexico,0.0177933169562223,Index (2010=100),World Bank
1972,MEX,Mexico,0.01867296380785,Index (2010=100),World Bank
1973,MEX,Mexico,0.0209290199907437,Index (2010=100),World Bank
1974,MEX,Mexico,0.0259067813373226,Index (2010=100),World Bank
1975,MEX,Mexico,0.0297784292486279,Index (2010=100),World Bank
1976,MEX,Mexico,0.0344907830389098,Index (2010=100),World Bank
1977,MEX,Mexico,0.0445152272349135,Index (2010=100),World Bank
1978,MEX,Mexico,0.0522863806905451,Index (2010=100),World Bank
1979,MEX,Mexico,0.0617979249826717,Index (2010=100),World Bank
1980,MEX,Mexico,0.0780826987195229,Index (2010=100),World Bank
1981,MEX,Mexico,0.0998941344101334,Index (2010=100),World Bank
1982,MEX,Mexico,0.1587451852238,Index (2010=100),World Bank
1983,MEX,Mexico,0.320466744940648,Index (2010=100),World Bank
1984,MEX,Mexico,0.530208406745464,Index (2010=100),World Bank
1985,MEX,Mexico,0.836395534931944,Index (2010=100),World Bank
1986,MEX,Mexico,1.5576471478797,Index (2010=100),World Bank
1987,MEX,Mexico,3.61105263368212,Index (2010=100),World Bank
1988,MEX,Mexico,7.73351187768916,Index (2010=100),World Bank
1989,MEX,Mexico,9.28082339983958,Index (2010=100),World Bank
1990,MEX,Mexico,11.7543180636708,Index (2010=100),World Bank
1991,MEX,Mexico,14.418123874751,Index (2010=100),World Bank
1992,MEX,Mexico,16.6540715669279,Index (2010=100),World Bank
1993,MEX,Mexico,18.278086769687,Index (2010=100),World Bank
1994,MEX,Mexico,19.5513039992386,Index (2010=100),World Bank
1995,MEX,Mexico,26.3941179264612,Index (2010=100),World Bank
1996,MEX,Mexico,35.467988935687,Index (2010=100),World Bank
1997,MEX,Mexico,42.7834846501138,Index (2010=100),World Bank
1998,MEX,Mexico,49.5982070850547,Index (2010=100),World Bank
1999,MEX,Mexico,57.8243757365431,Index (2010=100),World Bank
2000,MEX,Mexico,63.3128119183035,Index (2010=100),World Bank
2001,MEX,Mexico,67.3444059411696,Index (2010=100),World Bank
2002,MEX,Mexico,70.732319377097,Index (2010=100),World Bank
2003,MEX,Mexico,73.9484472925727,Index (2010=100),World Bank
2004,MEX,Mexico,77.4154528387154,Index (2010=100),World Bank
2005,MEX,Mexico,80.5028253377382,Index (2010=100),World Bank
2006,MEX,Mexico,83.4246493200917,Index (2010=100),World Bank
2007,MEX,Mexico,86.7339792329344,Index (2010=100),World Bank
2008,MEX,Mexico,91.1790807033324,Index (2010=100),World Bank
2009,MEX,Mexico,96.0091610619154,Index (2010=100),World Bank
2010,MEX,Mexico,100.0,Index (2010=100),World Bank
2011,MEX,Mexico,103.407378246057,Index (2010=100),World Bank
2012,MEX,Mexico,107.658982747635,Index (2010=100),World Bank
2013,MEX,Mexico,111.756904251934,Index (2010=100),World Bank
2014,MEX,Mexico,116.247985177591,Index (2010=100),World Bank
2015,MEX,Mexico,119.410675116721,Index (2010=100),World Bank
2016,MEX,Mexico,122.780095507214,Index (2010=100),World Bank
2017,MEX,Mexico,130.197802476747,Index (2010=100),World Bank
2018,MEX,Mexico,136.57664871233,Index (2010=100),World Bank
2019,MEX,Mexico,141.542522969974,Index (2010=100),World Bank
2020,MEX,Mexico,146.350487735058,Index (2010=100),World Bank
2021,MEX,Mexico,154.676672089174,Index (2010=100),World Bank
2022,MEX,Mexico,166.890369321443,Index (2010=100),World Bank
2023,MEX,Mexico,176.116003638578,Index (2010=100),World Bank
2024,MEX,Mexico,184.432651983998,Index (2010=100),World Bank
1960,NLD,Netherlands,16.8430929999958,Index (2010=100),World Bank
1961,NLD,Netherlands,17.0633399146551,Index (2010=100),World Bank
1962,NLD,Netherlands,17.4781706351734,Index (2010=100),World Bank
1963,NLD,Netherlands,18.0451008579981,Index (2010=100),World Bank
1964,NLD,Netherlands,19.0960057139218,Index (2010=100),World Bank
1965,NLD,Netherlands,19.84228484082,Index (2010=100),World Bank
1966,NLD,Netherlands,20.9856251194191,Index (2010=100),World Bank
1967,NLD,Netherlands,21.710748178005,Index (2010=100),World Bank
1968,NLD,Netherlands,22.5185602372915,Index (2010=100),World Bank
1969,NLD,Netherlands,24.1898405015149,Index (2010=100),World Bank
1970,NLD,Netherlands,25.0773490314539,Index (2010=100),World Bank
1971,NLD,Netherlands,26.9525526126634,Index (2010=100),World Bank
1972,NLD,Netherlands,29.0556042836216,Index (2010=100),World Bank
1973,NLD,Netherlands,31.3865058640487,Index (2010=100),World Bank
1974,NLD,Netherlands,34.3969183036567,Index (2010=100),World Bank
1975,NLD,Netherlands,37.9114151054983,Index (2010=100),World Bank
1976,NLD,Netherlands,41.2592400847989,Index (2010=100),World Bank
1977,NLD,Netherlands,43.899540520622,Index (2010=100),World Bank
1978,NLD,Netherlands,45.7046948783972,Index (2010=100),World Bank
1979,NLD,Netherlands,47.6239720854905,Index (2010=100),World Bank
1980,NLD,Netherlands,50.7259382932843,Index (2010=100),World Bank
1981,NLD,Netherlands,54.1443220177059,Index (2010=100),World Bank
1982,NLD,Netherlands,57.3448451872947,Index (2010=100),World Bank
1983,NLD,Netherlands,58.9165758322946,Index (2010=100),World Bank
1984,NLD,Netherlands,60.8617895129518,Index (2010=100),World Bank
1985,NLD,Netherlands,62.2364044146415,Index (2010=100),World Bank
1986,NLD,Netherlands,62.2882764519093,Index (2010=100),World Bank
1987,NLD,Netherlands,61.8577333563831,Index (2010=100),World Bank
1988,NLD,Netherlands,62.3142129254733,Index (2010=100),World Bank
1989,NLD,Netherlands,62.988551229676,Index (2010=100),World Bank
1990,NLD,Netherlands,64.5343481306923,Index (2010=100),World Bank
1991,NLD,Netherlands,66.5724721810257,Index (2010=100),World Bank
1992,NLD,Netherlands,68.691861300918,Index (2010=100),World Bank
1993,NLD,Netherlands,70.4669857242942,Index (2010=100),World Bank
1994,NLD,Netherlands,72.4411356874448,Index (2010=100),World Bank
1995,NLD,Netherlands,73.8343381222306,Index (2010=100),World Bank
1996,NLD,Netherlands,75.2736404414641,Index (2010=100),World Bank
1997,NLD,Netherlands,76.8613464110566,Index (2010=100),World Bank
1998,NLD,Netherlands,78.3671649667446,Index (2010=100),World Bank
1999,NLD,Netherlands,80.0576851337949,Index (2010=100),World Bank
2000,NLD,Netherlands,81.9474646746795,Index (2010=100),World Bank
2001,NLD,Netherlands,85.3530712329515,Index (2010=100),World Bank
2002,NLD,Netherlands,88.1590799494118,Index (2010=100),World Bank
2003,NLD,Netherlands,90.0033664825716,Index (2010=100),World Bank
2004,NLD,Netherlands,91.1406916756894,Index (2010=100),World Bank
2005,NLD,Netherlands,92.6792651969392,Index (2010=100),World Bank
2006,NLD,Netherlands,93.7001282902818,Index (2010=100),World Bank
2007,NLD,Netherlands,95.2123158670512,Index (2010=100),World Bank
2008,NLD,Netherlands,97.5797719890453,Index (2010=100),World Bank
2009,NLD,Netherlands,98.7407535461799,Index (2010=100),World Bank
2010,NLD,Netherlands,100.0,Index (2010=100),World Bank
2011,NLD,Netherlands,102.341070177514,Index (2010=100),World Bank
2012,NLD,Netherlands,104.854103924227,Index (2010=100),World Bank
2013,NLD,Netherlands,107.482689910561,Index (2010=100),World Bank
2014,NLD,Netherlands,108.531758668693,Index (2010=100),World Bank
2015,NLD,Netherlands,109.183218539311,Index (2010=100),World Bank
2016,NLD,Netherlands,109.528965398018,Index (2010=100),World Bank
2017,NLD,Netherlands,111.042062834942,Index (2010=100),World Bank
2018,NLD,Netherlands,112.933662096136,Index (2010=100),World Bank
2019,NLD,Netherlands,115.907994941178,Index (2010=100),World Bank
2020,NLD,Netherlands,117.382878251613,Index (2010=100),World Bank
2021,NLD,Netherlands,120.523715504927,Index (2010=100),World Bank
2022,NLD,Netherlands,132.577542831667,Index (2010=100),World Bank
2023,NLD,Netherlands,137.666390675753,Index (2010=100),World Bank
2024,NLD,Netherlands,142.274832358267,Index (2010=100),World Bank
1970,POL,Poland,0.0210403440385834,Index (2010=100),World Bank
1971,POL,Poland,0.0212717878227974,Index (2010=100),World Bank
1972,POL,Poland,0.0212507474789693,Index (2010=100),World Bank
1973,POL,Poland,0.0217767560799338,Index (2010=100),World Bank
1974,POL,Poland,0.02331270119454,Index (2010=100),World Bank
1975,POL,Poland,0.0238387097955046,Index (2010=100),World Bank
1976,POL,Poland,0.0248907269974338,Index (2010=100),World Bank
1977,POL,Poland,0.0261110669516716,Index (2010=100),World Bank
1978,POL,Poland,0.0282263938945918,Index (2010=100),World Bank
1979,POL,Poland,0.0302095129035795,Index (2010=100),World Bank
1980,POL,Poland,0.0331346134418364,Index (2010=100),World Bank
1981,POL,Poland,0.0394723312747263,Index (2010=100),World Bank
1982,POL,Poland,0.0803493718474856,Index (2010=100),World Bank
1983,POL,Poland,0.100866390594638,Index (2010=100),World Bank
1984,POL,Poland,0.116400822831708,Index (2010=100),World Bank
1985,POL,Poland,0.129811665129987,Index (2010=100),World Bank
1986,POL,Poland,0.151295454394021,Index (2010=100),World Bank
1987,POL,Poland,0.191205724449899,Index (2010=100),World Bank
1988,POL,Poland,0.303483312342087,Index (2010=100),World Bank
1989,POL,Poland,1.04565458412792,Index (2010=100),World Bank
1990,POL,Poland,6.98370529558457,Index (2010=100),World Bank
1991,POL,Poland,12.3450608772187,Index (2010=100),World Bank
1992,POL,Poland,18.0359564324483,Index (2010=100),World Bank
1993,POL,Poland,24.7027974182192,Index (2010=100),World Bank
1994,POL,Poland,32.8525656447118,Index (2010=100),World Bank
1995,POL,Poland,42.0353139210797,Index (2010=100),World Bank
1996,POL,Poland,50.3561904063371,Index (2010=100),World Bank
1997,POL,Poland,57.8658889540854,Index (2010=100),World Bank
1998,POL,Poland,64.57709109579,Index (2010=100),World Bank
1999,POL,Poland,69.1969832771014,Index (2010=100),World Bank
2000,POL,Poland,76.0476059850374,Index (2010=100),World Bank
2001,POL,Poland,80.160515622708,Index (2010=100),World Bank
2002,POL,Poland,81.6877996186006,Index (2010=100),World Bank
2003,POL,Poland,82.2454833504475,Index (2010=100),World Bank
2004,POL,Poland,85.0275575766466,Index (2010=100),World Bank
2005,POL,Poland,86.884388293971,Index (2010=100),World Bank
2006,POL,Poland,88.0005867683732,Index (2010=100),World Bank
2007,POL,Poland,90.1642951444918,Index (2010=100),World Bank
2008,POL,Poland,93.9196127328737,Index (2010=100),World Bank
2009,POL,Poland,97.4842305999707,Index (2010=100),World Bank
2010,POL,Poland,100.0,Index (2010=100),World Bank
2011,POL,Poland,104.239401496259,Index (2010=100),World Bank
2012,POL,Poland,107.950711456652,Index (2010=100),World Bank
2013,POL,Poland,109.021563737715,Index (2010=100),World Bank
2014,POL,Poland,109.080240575033,Index (2010=100),World Bank
2015,POL,Poland,108.126741968608,Index (2010=100),World Bank
2016,POL,Poland,107.407950711457,Index (2010=100),World Bank
2017,POL,Poland,109.637670529559,Index (2010=100),World Bank
2018,POL,Poland,111.625348393722,Index (2010=100),World Bank
2019,POL,Poland,114.111779375092,Index (2010=100),World Bank
2020,POL,Poland,117.962446824116,Index (2010=100),World Bank
2021,POL,Poland,123.925480416606,Index (2010=100),World Bank
2022,POL,Poland,141.807246589409,Index (2010=100),World Bank
2023,POL,Poland,158.156080387267,Index (2010=100),World Bank
2024,POL,Poland,164.151158966994,Index (2010=100),World Bank
1963,SAU,Saudi Arabia,19.9437118374041,Index (2010=100),World Bank
1964,SAU,Saudi Arabia,20.5021357686519,Index (2010=100),World Bank
1965,SAU,Saudi Arabia,20.581910616201,Index (2010=100),World Bank
1966,SAU,Saudi Arabia,20.9010100054,Index (2010=100),World Bank
1967,SAU,Saudi Arabia,21.3397716660223,Index (2010=100),World Bank
1968,SAU,Saudi Arabia,21.6788147672582,Index (2010=100),World Bank
1969,SAU,Saudi Arabia,22.4366758170795,Index (2010=100),World Bank
1970,SAU,Saudi Arabia,22.4765632407543,Index (2010=100),World Bank
1971,SAU,Saudi Arabia,23.4823894457219,Index (2010=100),World Bank
1972,SAU,Saudi Arabia,24.4994539323098,Index (2010=100),World Bank
1973,SAU,Saudi Arabia,28.5452353157019,Index (2010=100),World Bank
1974,SAU,Saudi Arabia,34.6644796578848,Index (2010=100),World Bank
1975,SAU,Saudi Arabia,46.6501070059609,Index (2010=100),World Bank
1976,SAU,Saudi Arabia,61.3722559287674,Index (2010=100),World Bank
1977,SAU,Saudi Arabia,68.3680862373398,Index (2010=100),World Bank
1978,SAU,Saudi Arabia,67.2854079587247,Index (2010=100),World Bank
1979,SAU,Saudi Arabia,68.0131446616763,Index (2010=100),World Bank
1980,SAU,Saudi Arabia,70.8487939541296,Index (2010=100),World Bank
1981,SAU,Saudi Arabia,72.8318390775274,Index (2010=100),World Bank
1982,SAU,Saudi Arabia,73.5754809988016,Index (2010=100),World Bank
1983,SAU,Saudi Arabia,73.7163222717707,Index (2010=100),World Bank
1984,SAU,Saudi Arabia,72.5670574843468,Index (2010=100),World Bank
1985,SAU,Saudi Arabia,70.347399022361,Index (2010=100),World Bank
1986,SAU,Saudi Arabia,68.0939386548635,Index (2010=100),World Bank
1987,SAU,Saudi Arabia,67.0404459330583,Index (2010=100),World Bank
1988,SAU,Saudi Arabia,67.648880232283,Index (2010=100),World Bank
1989,SAU,Saudi Arabia,68.3474529462071,Index (2010=100),World Bank
1990,SAU,Saudi Arabia,69.7671329777306,Index (2010=100),World Bank
1991,SAU,Saudi Arabia,73.1585908308149,Index (2010=100),World Bank
1992,SAU,Saudi Arabia,73.1022543216271,Index (2010=100),World Bank
1993,SAU,Saudi Arabia,73.8740644974953,Index (2010=100),World Bank
1994,SAU,Saudi Arabia,74.2909546654827,Index (2010=100),World Bank
1995,SAU,Saudi Arabia,77.9077585553165,Index (2010=100),World Bank
1996,SAU,Saudi Arabia,78.8598440463795,Index (2010=100),World Bank
1997,SAU,Saudi Arabia,78.9049124307144,Index (2010=100),World Bank
1998,SAU,Saudi Arabia,78.6119618860658,Index (2010=100),World Bank
1999,SAU,Saudi Arabia,77.5634734661928,Index (2010=100),World Bank
2000,SAU,Saudi Arabia,76.6908839614064,Index (2010=100),World Bank
2001,SAU,Saudi Arabia,75.8312197975591,Index (2010=100),World Bank
2002,SAU,Saudi Arabia,76.0186664657894,Index (2010=100),World Bank
2003,SAU,Saudi Arabia,76.484048274022,Index (2010=100),World Bank
2004,SAU,Saudi Arabia,76.8783306296367,Index (2010=100),World Bank
2005,SAU,Saudi Arabia,77.2467542414109,Index (2010=100),World Bank
2006,SAU,Saudi Arabia,78.9531531971852,Index (2010=100),World Bank
2007,SAU,Saudi Arabia,82.2437841641395,Index (2010=100),World Bank
2008,SAU,Saudi Arabia,90.3614464873401,Index (2010=100),World Bank
2009,SAU,Saudi Arabia,94.9312266754206,Index (2010=100),World Bank
2010,SAU,Saudi Arabia,100.0,Index (2010=100),World Bank
2011,SAU,Saudi Arabia,105.826218861616,Index (2010=100),World Bank
2012,SAU,Saudi Arabia,108.859483777442,Index (2010=100),World Bank
2013,SAU,Saudi Arabia,112.702174739504,Index (2010=100),World Bank
2014,SAU,Saudi Arabia,115.225763411137,Index (2010=100),World Bank
2015,SAU,Saudi Arabia,116.613881136948,Index (2010=100),World Bank
2016,SAU,Saudi Arabia,119.02476559215,Index (2010=100),World Bank
2017,SAU,Saudi Arabia,118.029230155669,Index (2010=100),World Bank
2018,SAU,Saudi Arabia,120.929442462405,Index (2010=100),World Bank
2019,SAU,Saudi Arabia,118.397967176225,Index (2010=100),World Bank
2020,SAU,Saudi Arabia,122.477330140124,Index (2010=100),World Bank
2021,SAU,Saudi Arabia,126.229165811133,Index (2010=100),World Bank
2022,SAU,Saudi Arabia,129.352168428499,Index (2010=100),World Bank
2023,SAU,Saudi Arabia,132.362303574699,Index (2010=100),World Bank
2024,SAU,Saudi Arabia,134.596474856629,Index (2010=100),World Bank
1960,TUR,Turkey,5.39523850896861e-05,Index (2010=100),World Bank
1961,TUR,Turkey,5.56642171150972e-05,Index (2010=100),World Bank
1962,TUR,Turkey,5.7828620142003e-05,Index (2010=100),World Bank
1963,TUR,Turkey,6.15080857623318e-05,Index (2010=100),World Bank
1964,TUR,Turkey,6.21967535500748e-05,Index (2010=100),World Bank
1965,TUR,Turkey,6.50301476083707e-05,Index (2010=100),World Bank
1966,TUR,Turkey,7.05394992526158e-05,Index (2010=100),World Bank
1967,TUR,Turkey,8.03973187593423e-05,Index (2010=100),World Bank
1968,TUR,Turkey,8.52583333333333e-05,Index (2010=100),World Bank
1969,TUR,Turkey,8.94566190209268e-05,Index (2010=100),World Bank
1970,TUR,Turkey,9.65451186472347e-05,Index (2010=100),World Bank
1971,TUR,Turkey,0.000114899705717489,Index (2010=100),World Bank
1972,TUR,Turkey,0.000132613167974589,Index (2010=100),World Bank
1973,TUR,Turkey,0.000151097010463378,Index (2010=100),World Bank
1974,TUR,Turkey,0.000187206418161435,Index (2010=100),World Bank
1975,TUR,Turkey,0.000226945389573991,Index (2010=100),World Bank
1976,TUR,Turkey,0.000266560271860987,Index (2010=100),World Bank
1977,TUR,Turkey,0.000335826859118087,Index (2010=100),World Bank
1978,TUR,Turkey,0.000543693759342302,Index (2010=100),World Bank
1979,TUR,Turkey,0.000889173673393125,Index (2010=100),World Bank
1980,TUR,Turkey,0.00172731642376682,Index (2010=100),World Bank
1981,TUR,Turkey,0.00237704274103139,Index (2010=100),World Bank
1982,TUR,Turkey,0.00306965391442451,Index (2010=100),World Bank
1983,TUR,Turkey,0.00403322659753363,Index (2010=100),World Bank
1984,TUR,Turkey,0.00598499864536622,Index (2010=100),World Bank
1985,TUR,Turkey,0.00867595758594918,Index (2010=100),World Bank
1986,TUR,Turkey,0.0116787130979073,Index (2010=100),World Bank
1987,TUR,Turkey,0.0162165755792227,Index (2010=100),World Bank
1988,TUR,Turkey,0.0273751434043348,Index (2010=100),World Bank
1989,TUR,Turkey,0.0446960953849029,Index (2010=100),World Bank
1990,TUR,Turkey,0.0716495702541106,Index (2010=100),World Bank
1991,TUR,Turkey,0.11892293068012,Index (2010=100),World Bank
1992,TUR,Turkey,0.202259487107623,Index (2010=100),World Bank
1993,TUR,Turkey,0.335940554932736,Index (2010=100),World Bank
1994,TUR,Turkey,0.689400364349776,Index (2010=100),World Bank
1995,TUR,Turkey,1.30374789798206,Index (2010=100),World Bank
1996,TUR,Turkey,2.35211962817638,Index (2010=100),World Bank
1997,TUR,Turkey,4.36716549887892,Index (2010=100),World Bank
1998,TUR,Turkey,8.06359304932736,Index (2010=100),World Bank
1999,TUR,Turkey,13.2942432735426,Index (2010=100),World Bank
2000,TUR,Turkey,20.5948262331839,Index (2010=100),World Bank
2001,TUR,Turkey,31.7984505792227,Index (2010=100),World Bank
2002,TUR,Turkey,46.0963443572496,Index (2010=100),World Bank
2003,TUR,Turkey,56.05427877429,Index (2010=100),World Bank
2004,TUR,Turkey,60.8739723467863,Index (2010=100),World Bank
2005,TUR,Turkey,65.8529521674141,Index (2010=100),World Bank
2006,TUR,Turkey,72.173019431988,Index (2010=100),World Bank
2007,TUR,Turkey,78.4926195814649,Index (2010=100),World Bank
2008,TUR,Turkey,86.6904895366218,Index (2010=100),World Bank
2009,TUR,Turkey,92.1094917787743,Index (2010=100),World Bank
2010,TUR,Turkey,100.0,Index (2010=100),World Bank
2011,TUR,Turkey,106.471879671151,Index (2010=100),World Bank
2012,TUR,Turkey,115.938901345291,Index (2010=100),World Bank
2013,TUR,Turkey,124.626307922272,Index (2010=100),World Bank
2014,TUR,Turkey,135.661434977578,Index (2010=100),World Bank
2015,TUR,Turkey,146.067825112108,Index (2010=100),World Bank
2016,TUR,Turkey,157.424794469357,Index (2010=100),World Bank
2017,TUR,Turkey,174.96870328849,Index (2010=100),World Bank
2018,TUR,Turkey,203.545403587444,Index (2010=100),World Bank
2019,TUR,Turkey,234.437126307922,Index (2010=100),World Bank
2020,TUR,Turkey,263.223561285501,Index (2010=100),World Bank
2021,TUR,Turkey,314.806147234679,Index (2010=100),World Bank
2022,TUR,Turkey,542.438807922272,Index (2010=100),World Bank
2023,TUR,Turkey,834.593142750374,Index (2010=100),World Bank
2024,TUR,Turkey,1322.88396860987,Index (2010=100),World Bank
1960,USA,United States,13.5630607803977,Index (2010=100),World Bank
1961,USA,United States,13.7082837473334,Index (2010=100),World Bank
1962,USA,United States,13.8726149993924,Index (2010=100),World Bank
1963,USA,United States,14.0445895655005,Index (2010=100),World Bank
1964,USA,United States,14.2242074456579,Index (2010=100),World Bank
1965,USA,United States,14.4496852101109,Index (2010=100),World Bank
1966,USA,United States,14.8853541109182,Index (2010=100),World Bank
1967,USA,United States,15.2980930695779,Index (2010=100),World Bank
1968,USA,United States,15.9515964207889,Index (2010=100),World Bank
1969,USA,United States,16.8229342224036,Index (2010=100),World Bank
1970,USA,United States,17.8051000777325,Index (2010=100),World Bank
1971,USA,United States,18.5694314826577,Index (2010=100),World Bank
1972,USA,United States,19.1770749495732,Index (2010=100),World Bank
1973,USA,United States,20.3617886272073,Index (2010=100),World Bank
1974,USA,United States,22.612744614712,Index (2010=100),World Bank
1975,USA,United States,24.6802610650347,Index (2010=100),World Bank
1976,USA,United States,26.0980958211709,Index (2010=100),World Bank
1977,USA,United States,27.7949115401048,Index (2010=100),World Bank
1978,USA,United States,29.9159311887723,Index (2010=100),World Bank
1979,USA,United States,33.2828110274678,Index (2010=100),World Bank
1980,USA,United States,37.7923663165264,Index (2010=100),World Bank
1981,USA,United States,41.6980997956942,Index (2010=100),World Bank
1982,USA,United States,44.254788345169,Index (2010=100),World Bank
1983,USA,United States,45.6764447583299,Index (2010=100),World Bank
1984,USA,United States,47.6407764689877,Index (2010=100),World Bank
1985,USA,United States,49.3299488738723,Index (2010=100),World Bank
1986,USA,United States,50.2662548449057,Index (2010=100),World Bank
1987,USA,United States,52.1082935307754,Index (2010=100),World Bank
1988,USA,United States,54.2331348364675,Index (2010=100),World Bank
1989,USA,United States,56.8509698983363,Index (2010=100),World Bank
1990,USA,United States,59.919760489111,Index (2010=100),World Bank
1991,USA,United States,62.4573407534626,Index (2010=100),World Bank
1992,USA,United States,64.3490609806525,Index (2010=100),World Bank
1993,USA,United States,66.2484245218916,Index (2010=100),World Bank
1994,USA,United States,67.9758134970225,Index (2010=100),World Bank
1995,USA,United States,69.8828203523109,Index (2010=100),World Bank
1996,USA,United States,71.9312285175105,Index (2010=100),World Bank
1997,USA,United States,73.6127576083459,Index (2010=100),World Bank
1998,USA,United States,74.755433058709,Index (2010=100),World Bank
1999,USA,United States,76.391102265249,Index (2010=100),World Bank
2000,USA,United States,78.9707207568715,Index (2010=100),World Bank
2001,USA,United States,81.2025684592531,Index (2010=100),World Bank
2002,USA,United States,82.490466876552,Index (2010=100),World Bank
2003,USA,United States,84.3630788186188,Index (2010=100),World Bank
2004,USA,United States,86.6216781201727,Index (2010=100),World Bank
2005,USA,United States,89.5605323721102,Index (2010=100),World Bank
2006,USA,United States,92.4497050827274,Index (2010=100),World Bank
2007,USA,United States,95.0869923788515,Index (2010=100),World Bank
2008,USA,United States,98.7374773853445,Index (2010=100),World Bank
2009,USA,United States,98.3864199710624,Index (2010=100),World Bank
2010,USA,United States,100.0,Index (2010=100),World Bank
2011,USA,United States,103.156841568622,Index (2010=100),World Bank
2012,USA,United States,105.291504532867,Index (2010=100),World Bank
2013,USA,United States,106.833848874866,Index (2010=100),World Bank
2014,USA,United States,108.566932118964,Index (2010=100),World Bank
2015,USA,United States,108.695721960694,Index (2010=100),World Bank
2016,USA,United States,110.06700893427,Index (2010=100),World Bank
2017,USA,United States,112.411557302308,Index (2010=100),World Bank
2018,USA,United States,115.157303224791,Index (2010=100),World Bank
2019,USA,United States,117.244195476228,Index (2010=100),World Bank
2020,USA,United States,118.690501577198,Index (2010=100),World Bank
2021,USA,United States,124.266413825838,Index (2010=100),World Bank
2022,USA,United States,134.21120616846,Index (2010=100),World Bank
2023,USA,United States,139.73579356326,Index (2010=100),World Bank
2024,USA,United States,143.857336014608,Index (2010=100),World Bank
