﻿year,country_code,country_name,value,unit,source
1960,AUS,Australia,1619.42657975102,LCU per capita,World Bank
1961,AUS,Australia,1674.61604502528,LCU per capita,World Bank
1962,AUS,Australia,1660.77080618134,LCU per capita,World Bank
1963,AUS,Australia,1751.32420091324,LCU per capita,World Bank
1964,AUS,Australia,1902.74917166652,LCU per capita,World Bank
1965,AUS,Australia,2042.58868984896,LCU per capita,World Bank
1966,AUS,Australia,2088.23276971934,LCU per capita,World Bank
1967,AUS,Australia,2287.48198999915,LCU per capita,World Bank
1968,AUS,Australia,2409.69273045216,LCU per capita,World Bank
1969,AUS,Australia,2631.98238603931,LCU per capita,World Bank
1970,AUS,Australia,2917.48620772367,LCU per capita,World Bank
1971,AUS,Australia,3086.34150112082,LCU per capita,World Bank
1972,AUS,Australia,3366.24421340214,LCU per capita,World Bank
1973,AUS,Australia,3725.78475336323,LCU per capita,World Bank
1974,AUS,Australia,4383.44385338483,LCU per capita,World Bank
1975,AUS,Australia,5139.8546030375,LCU per capita,World Bank
1976,AUS,Australia,5939.35722938787,LCU per capita,World Bank
1977,AUS,Australia,6731.04565952649,LCU per capita,World Bank
1978,AUS,Australia,7228.86195849004,LCU per capita,World Bank
1979,AUS,Australia,8082.26539892518,LCU per capita,World Bank
1980,AUS,Australia,9066.56683909611,LCU per capita,World Bank
1981,AUS,Australia,10175.4576412929,LCU per capita,World Bank
1982,AUS,Australia,11360.9848417245,LCU per capita,World Bank
1983,AUS,Australia,12210.4356963783,LCU per capita,World Bank
1984,AUS,Australia,13551.3641065944,LCU per capita,World Bank
1985,AUS,Australia,14709.6789067761,LCU per capita,World Bank
1986,AUS,Australia,15995.342841179,LCU per capita,World Bank
1987,AUS,Australia,17287.3941350013,LCU per capita,World Bank
1988,AUS,Australia,19268.9232940104,LCU per capita,World Bank
1989,AUS,Australia,21305.8247161245,LCU per capita,World Bank
1990,AUS,Australia,22889.5441042106,LCU per capita,World Bank
1991,AUS,Australia,23065.0410586972,LCU per capita,World Bank
1992,AUS,Australia,23283.4543429736,LCU per capita,World Bank
1993,AUS,Australia,24520.1989156899,LCU per capita,World Bank
1994,AUS,Australia,25630.6096531695,LCU per capita,World Bank
1995,AUS,Australia,26591.1212303419,LCU per capita,World Bank
1996,AUS,Australia,27998.9862147483,LCU per capita,World Bank
1997,AUS,Australia,29201.4286243902,LCU per capita,World Bank
1998,AUS,Australia,30669.0003387866,LCU per capita,World Bank
1999,AUS,Australia,32022.5146744698,LCU per capita,World Bank
2000,AUS,Australia,33821.4670581995,LCU per capita,World Bank
2001,AUS,Australia,35674.2758292334,LCU per capita,World Bank
2002,AUS,Australia,37749.939600548,LCU per capita,World Bank
2003,AUS,Australia,39579.098894732,LCU per capita,World Bank
2004,AUS,Australia,42117.2783125155,LCU per capita,World Bank
2005,AUS,Australia,44168.1563281155,LCU per capita,World Bank
2006,AUS,Australia,46979.345621131,LCU per capita,World Bank
2007,AUS,Australia,49959.3760631915,LCU per capita,World Bank
2008,AUS,Australia,53245.1599705005,LCU per capita,World Bank
2009,AUS,Australia,56109.6012369366,LCU per capita,World Bank
2010,AUS,Australia,56901.7894629342,LCU per capita,World Bank
2011,AUS,Australia,60947.5620975161,LCU per capita,World Bank
2012,AUS,Australia,64004.101442521,LCU per capita,World Bank
2013,AUS,Australia,64810.3873858538,LCU per capita,World Bank
2014,AUS,Australia,66344.0037492408,LCU per capita,World Bank
2015,AUS,Australia,66803.5494632914,LCU per capita,World Bank
2016,AUS,Australia,66908.0741784506,LCU per capita,World Bank
2017,AUS,Australia,69511.1876798001,LCU per capita,World Bank
2018,AUS,Australia,71461.0248389854,LCU per capita,World Bank
2019,AUS,Australia,74276.6103860354,LCU per capita,World Bank
2020,AUS,Australia,75512.6622035858,LCU per capita,World Bank
2021,AUS,Australia,80295.5778945652,LCU per capita,World Bank
2022,AUS,Australia,86170.9701615632,LCU per capita,World Bank
2023,AUS,Australia,92186.9792404746,LCU per capita,World Bank
2024,AUS,Australia,94942.4419778135,LCU per capita,World Bank
1960,BRA,Brazil,1.4236861166982e-11,LCU per capita,World Bank
1961,BRA,Brazil,2.00016025639522e-11,LCU per capita,World Bank
1962,BRA,Brazil,3.65282716628928e-11,LCU per capita,World Bank
1963,BRA,Brazil,6.0738548158774e-11,LCU per capita,World Bank
1964,BRA,Brazil,1.18360808650585e-10,LCU per capita,World Bank
1965,BRA,Brazil,1.79520802932244e-10,LCU per capita,World Bank
1966,BRA,Brazil,2.42014805334226e-10,LCU per capita,World Bank
1967,BRA,Brazil,3.23632045198498e-10,LCU per capita,World Bank
1968,BRA,Brazil,4.49773432675154e-10,LCU per capita,World Bank
1969,BRA,Brazil,5.85518258394467e-10,LCU per capita,World Bank
1970,BRA,Brazil,7.30375098566824e-10,LCU per capita,World Bank
1971,BRA,Brazil,9.57332709032939e-10,LCU per capita,World Bank
1972,BRA,Brazil,1.25070405596696e-09,LCU per capita,World Bank
1973,BRA,Brazil,1.70093902518042e-09,LCU per capita,World Bank
1974,BRA,Brazil,2.44992664502959e-09,LCU per capita,World Bank
1975,BRA,Brazil,3.34896353093418e-09,LCU per capita,World Bank
1976,BRA,Brazil,5.2921356495573e-09,LCU per capita,World Bank
1977,BRA,Brazil,7.89055784413829e-09,LCU per capita,World Bank
1978,BRA,Brazil,1.11399781448148e-08,LCU per capita,World Bank
1979,BRA,Brazil,1.81134570548383e-08,LCU per capita,World Bank
1980,BRA,Brazil,3.59293644126412e-08,LCU per capita,World Bank
1981,BRA,Brazil,6.89304533009889e-08,LCU per capita,World Bank
1982,BRA,Brazil,1.37370996064508e-07,LCU per capita,World Bank
1983,BRA,Brazil,3.0936309427569e-07,LCU per capita,World Bank
1984,BRA,Brazil,9.98184099857813e-07,LCU per capita,World Bank
1985,BRA,Brazil,3.51213456377474e-06,LCU per capita,World Bank
1986,BRA,Brazil,9.19613131239456e-06,LCU per capita,World Bank
1987,BRA,Brazil,2.8605376912945e-05,LCU per capita,World Bank
1988,BRA,Brazil,0.00021010195800899,LCU per capita,World Bank
1989,BRA,Brazil,0.00306143277421021,LCU per capita,World Bank
1990,BRA,Brazil,0.0753758352131092,LCU per capita,World Bank
1991,BRA,Brazil,0.388434924999731,LCU per capita,World Bank
1992,BRA,Brazil,4.07627598751708,LCU per capita,World Bank
1993,BRA,Brazil,87.7193871316098,LCU per capita,World Bank
1994,BRA,Brazil,2108.33723259961,LCU per capita,World Bank
1995,BRA,Brazil,4304.13300954209,LCU per capita,World Bank
1996,BRA,Brazil,5135.9206768465,LCU per capita,World Bank
1997,BRA,Brazil,5618.42922672455,LCU per capita,World Bank
1998,BRA,Brazil,5803.08143451818,LCU per capita,World Bank
1999,BRA,Brazil,6141.79385464974,LCU per capita,World Bank
2000,BRA,Brazil,6692.17289365034,LCU per capita,World Bank
2001,BRA,Brazil,7220.79712354544,LCU per capita,World Bank
2002,BRA,Brazil,8060.57811062108,LCU per capita,World Bank
2003,BRA,Brazil,9209.43151283409,LCU per capita,World Bank
2004,BRA,Brazil,10400.4954779206,LCU per capita,World Bank
2005,BRA,Brazil,11412.9719266538,LCU per capita,World Bank
2006,BRA,Brazil,12585.6804070541,LCU per capita,World Bank
2007,BRA,Brazil,14120.6550616826,LCU per capita,World Bank
2008,BRA,Brazil,15935.2447049967,LCU per capita,World Bank
2009,BRA,Brazil,16968.3904204036,LCU per capita,World Bank
2010,BRA,Brazil,19441.2742786883,LCU per capita,World Bank
2011,BRA,Brazil,21834.3859674151,LCU per capita,World Bank
2012,BRA,Brazil,23845.6044187098,LCU per capita,World Bank
2013,BRA,Brazil,26489.2195508991,LCU per capita,World Bank
2014,BRA,Brazil,28344.2657114639,LCU per capita,World Bank
2015,BRA,Brazil,29170.4435241058,LCU per capita,World Bank
2016,BRA,Brazil,30195.7416473219,LCU per capita,World Bank
2017,BRA,Brazil,31569.3909049748,LCU per capita,World Bank
2018,BRA,Brazil,33038.0475756262,LCU per capita,World Bank
2019,BRA,Brazil,34661.6500836452,LCU per capita,World Bank
2020,BRA,Brazil,35707.8863915444,LCU per capita,World Bank
2021,BRA,Brazil,41665.2889821286,LCU per capita,World Bank
2022,BRA,Brazil,46539.2808488509,LCU per capita,World Bank
2023,BRA,Brazil,50185.0423425411,LCU per capita,World Bank
2024,BRA,Brazil,53698.580416388,LCU per capita,World Bank
1960,CAN,Canada,2239.55953423319,LCU per capita,World Bank
1961,CAN,Canada,2270.28905481894,LCU per capita,World Bank
1962,CAN,Canada,2421.55081360264,LCU per capita,World Bank
1963,CAN,Canada,2550.4367381112,LCU per capita,World Bank
1964,CAN,Canada,2740.97269986223,LCU per capita,World Bank
1965,CAN,Canada,2967.34534397616,LCU per capita,World Bank
1966,CAN,Canada,3258.58317138413,LCU per capita,World Bank
1967,CAN,Canada,3436.7949241291,LCU per capita,World Bank
1968,CAN,Canada,3697.12976306765,LCU per capita,World Bank
1969,CAN,Canada,4020.62107035363,LCU per capita,World Bank
1970,CAN,Canada,4258.47139373476,LCU per capita,World Bank
1971,CAN,Canada,4513.28738615807,LCU per capita,World Bank
1972,CAN,Canada,4988.74287568857,LCU per capita,World Bank
1973,CAN,Canada,5778.15123278165,LCU per capita,World Bank
1974,CAN,Canada,6799.90357756098,LCU per capita,World Bank
1975,CAN,Canada,7551.11543202075,LCU per capita,World Bank
1976,CAN,Canada,8560.19801953176,LCU per capita,World Bank
1977,CAN,Canada,9318.33722409779,LCU per capita,World Bank
1978,CAN,Canada,10185.6663735645,LCU per capita,World Bank
1979,CAN,Canada,11485.6413293301,LCU per capita,World Bank
1980,CAN,Canada,12751.9213733814,LCU per capita,World Bank
1981,CAN,Canada,14345.6575093025,LCU per capita,World Bank
1982,CAN,Canada,14921.1635715845,LCU per capita,World Bank
1983,CAN,Canada,16122.476100421,LCU per capita,World Bank
1984,CAN,Canada,17483.0348498127,LCU per capita,World Bank
1985,CAN,Canada,18757.9453632977,LCU per capita,World Bank
1986,CAN,Canada,19498.1448090323,LCU per capita,World Bank
1987,CAN,Canada,21047.3550079271,LCU per capita,World Bank
1988,CAN,Canada,22641.2633711419,LCU per capita,World Bank
1989,CAN,Canada,23774.3595917715,LCU per capita,World Bank
1990,CAN,Canada,24212.6199363854,LCU per capita,World Bank
1991,CAN,Canada,24200.3722168445,LCU per capita,World Bank
1992,CAN,Canada,24414.9150351567,LCU per capita,World Bank
1993,CAN,Canada,25157.8154869951,LCU per capita,World Bank
1994,CAN,Canada,26330.6394064163,LCU per capita,World Bank
1995,CAN,Canada,27403.0604616817,LCU per capita,World Bank
1996,CAN,Canada,28073.6197214083,LCU per capita,World Bank
1997,CAN,Canada,29385.2246382559,LCU per capita,World Bank
1998,CAN,Canada,30140.8650515784,LCU per capita,World Bank
1999,CAN,Canada,32038.1841741826,LCU per capita,World Bank
2000,CAN,Canada,35099.3768113061,LCU per capita,World Bank
2001,CAN,Canada,35857.0387566687,LCU per capita,World Bank
2002,CAN,Canada,37102.0318471782,LCU per capita,World Bank
2003,CAN,Canada,38678.5022821076,LCU per capita,World Bank
2004,CAN,Canada,40920.1570991678,LCU per capita,World Bank
2005,CAN,Canada,43188.7409540854,LCU per capita,World Bank
2006,CAN,Canada,45217.5024721999,LCU per capita,World Bank
2007,CAN,Canada,47263.3217190756,LCU per capita,World Bank
2008,CAN,Canada,49107.5996611815,LCU per capita,World Bank
2009,CAN,Canada,45919.5608549004,LCU per capita,World Bank
2010,CAN,Canada,48024.6046700952,LCU per capita,World Bank
2011,CAN,Canada,50687.0554809615,LCU per capita,World Bank
2012,CAN,Canada,51702.7792873615,LCU per capita,World Bank
2013,CAN,Canada,53398.5755020839,LCU per capita,World Bank
2014,CAN,Canada,55389.1557350489,LCU per capita,World Bank
2015,CAN,Canada,54893.6159248059,LCU per capita,World Bank
2016,CAN,Canada,55406.9096718785,LCU per capita,World Bank
2017,CAN,Canada,57830.4463734169,LCU per capita,World Bank
2018,CAN,Canada,59279.9483823911,LCU per capita,World Bank
2019,CAN,Canada,60767.795202865,LCU per capita,World Bank
2020,CAN,Canada,57967.8136250896,LCU per capita,World Bank
2021,CAN,Canada,65703.868612085,LCU per capita,World Bank
2022,CAN,Canada,72190.2035276719,LCU per capita,World Bank
2023,CAN,Canada,71906.249466738,LCU per capita,World Bank
2024,CAN,Canada,73202.8713301703,LCU per capita,World Bank
1960,CHE,Switzerland,8222.13845987146,LCU per capita,World Bank
1961,CHE,Switzerland,9044.31479537324,LCU per capita,World Bank
1962,CHE,Switzerland,9763.50944534766,LCU per capita,World Bank
1963,CHE,Switzerland,10484.2082748923,LCU per capita,World Bank
1964,CHE,Switzerland,11412.8634642206,LCU per capita,World Bank
1965,CHE,Switzerland,11814.4639774498,LCU per capita,World Bank
1966,CHE,Switzerland,12589.3408648378,LCU per capita,World Bank
1967,CHE,Switzerland,13387.4337303258,LCU per capita,World Bank
1968,CHE,Switzerland,14184.1914242527,LCU per capita,World Bank
1969,CHE,Switzerland,15215.0020901602,LCU per capita,World Bank
1970,CHE,Switzerland,18230.8684744487,LCU per capita,World Bank
1971,CHE,Switzerland,20559.4895959947,LCU per capita,World Bank
1972,CHE,Switzerland,23095.409100725,LCU per capita,World Bank
1973,CHE,Switzerland,25589.2664264779,LCU per capita,World Bank
1974,CHE,Switzerland,27713.4407234056,LCU per capita,World Bank
1975,CHE,Switzerland,27371.6496381858,LCU per capita,World Bank
1976,CHE,Switzerland,28014.8826482688,LCU per capita,World Bank
1977,CHE,Switzerland,29011.4935690137,LCU per capita,World Bank
1978,CHE,Switzerland,30077.3859947998,LCU per capita,World Bank
1979,CHE,Switzerland,31483.642190658,LCU per capita,World Bank
1980,CHE,Switzerland,33666.3234051588,LCU per capita,World Bank
1981,CHE,Switzerland,36273.8546995249,LCU per capita,World Bank
1982,CHE,Switzerland,37861.1350517631,LCU per capita,World Bank
1983,CHE,Switzerland,39005.7427240209,LCU per capita,World Bank
1984,CHE,Switzerland,41813.7735625074,LCU per capita,World Bank
1985,CHE,Switzerland,44040.0870980813,LCU per capita,World Bank
1986,CHE,Switzerland,45464.5809741901,LCU per capita,World Bank
1987,CHE,Switzerland,46659.1608595207,LCU per capita,World Bank
1988,CHE,Switzerland,49539.0632483486,LCU per capita,World Bank
1989,CHE,Switzerland,52709.0166884106,LCU per capita,World Bank
1990,CHE,Switzerland,56026.6813114066,LCU per capita,World Bank
1991,CHE,Switzerland,57840.6723614407,LCU per capita,World Bank
1992,CHE,Switzerland,58232.4080705711,LCU per capita,World Bank
1993,CHE,Switzerland,59238.698894565,LCU per capita,World Bank
1994,CHE,Switzerland,59724.1955755683,LCU per capita,World Bank
1995,CHE,Switzerland,60560.7485462711,LCU per capita,World Bank
1996,CHE,Switzerland,60897.6955110756,LCU per capita,World Bank
1997,CHE,Switzerland,62859.3486780612,LCU per capita,World Bank
1998,CHE,Switzerland,64698.7045430795,LCU per capita,World Bank
1999,CHE,Switzerland,65961.1761828927,LCU per capita,World Bank
2000,CHE,Switzerland,69790.9606430734,LCU per capita,World Bank
2001,CHE,Switzerland,69358.0960279419,LCU per capita,World Bank
2002,CHE,Switzerland,67767.8688625407,LCU per capita,World Bank
2003,CHE,Switzerland,70615.6102172489,LCU per capita,World Bank
2004,CHE,Switzerland,72004.4466397145,LCU per capita,World Bank
2005,CHE,Switzerland,75656.8069742098,LCU per capita,World Bank
2006,CHE,Switzerland,79243.9496393207,LCU per capita,World Bank
2007,CHE,Switzerland,78327.3268047628,LCU per capita,World Bank
2008,CHE,Switzerland,75035.4544354984,LCU per capita,World Bank
2009,CHE,Switzerland,78997.8679803317,LCU per capita,World Bank
2010,CHE,Switzerland,83962.8573316316,LCU per capita,World Bank
2011,CHE,Switzerland,80813.0004329914,LCU per capita,World Bank
2012,CHE,Switzerland,81844.2417593603,LCU per capita,World Bank
2013,CHE,Switzerland,82234.6498715718,LCU per capita,World Bank
2014,CHE,Switzerland,81195.3440671349,LCU per capita,World Bank
2015,CHE,Switzerland,81468.9365251311,LCU per capita,World Bank
2016,CHE,Switzerland,80482.4334094718,LCU per capita,World Bank
2017,CHE,Switzerland,79875.2156926776,LCU per capita,World Bank
2018,CHE,Switzerland,80321.7602937354,LCU per capita,World Bank
2019,CHE,Switzerland,80695.1456978664,LCU per capita,World Bank
2020,CHE,Switzerland,77893.0247586091,LCU per capita,World Bank
2021,CHE,Switzerland,82520.5513303049,LCU per capita,World Bank
2022,CHE,Switzerland,87676.2994742676,LCU per capita,World Bank
2023,CHE,Switzerland,87653.741359367,LCU per capita,World Bank
2024,CHE,Switzerland,88361.1765944785,LCU per capita,World Bank
1960,CHN,China,220.861378865786,LCU per capita,World Bank
1961,CHN,China,187.012554328896,LCU per capita,World Bank
1962,CHN,China,174.940294696367,LCU per capita,World Bank
1963,CHN,China,183.3263719434,LCU per capita,World Bank
1964,CHN,China,210.881285306184,LCU per capita,World Bank
1965,CHN,China,242.90218614764,LCU per capita,World Bank
1966,CHN,China,257.274952406853,LCU per capita,World Bank
1967,CHN,China,238.208203565039,LCU per capita,World Bank
1968,CHN,China,225.613613768705,LCU per capita,World Bank
1969,CHN,China,246.939480543953,LCU per capita,World Bank
1970,CHN,China,279.036801231799,LCU per capita,World Bank
1971,CHN,China,292.567515351829,LCU per capita,World Bank
1972,CHN,China,296.567404846699,LCU per capita,World Bank
1973,CHN,China,313.014490781686,LCU per capita,World Bank
1974,CHN,China,314.566557449881,LCU per capita,World Bank
1975,CHN,China,332.203907703556,LCU per capita,World Bank
1976,CHN,China,321.655554779544,LCU per capita,World Bank
1977,CHN,China,345.050903328723,LCU per capita,World Bank
1978,CHN,China,385.372817453055,LCU per capita,World Bank
1979,CHN,China,423.8574620358,LCU per capita,World Bank
1980,CHN,China,468.205883402039,LCU per capita,World Bank
1981,CHN,China,497.290934061788,LCU per capita,World Bank
1982,CHN,China,534.457630647512,LCU per capita,World Bank
1983,CHN,China,591.746391611535,LCU per capita,World Bank
1984,CHN,China,706.782726110964,LCU per capita,World Bank
1985,CHN,China,869.671943979297,LCU per capita,World Bank
1986,CHN,China,974.362339354512,LCU per capita,World Bank
1987,CHN,China,1124.32716655828,LCU per capita,World Bank
1988,CHN,China,1379.80991803055,LCU per capita,World Bank
1989,CHN,China,1539.23926160998,LCU per capita,World Bank
1990,CHN,China,1670.21234424345,LCU per capita,World Bank
1991,CHN,China,1921.79217574167,LCU per capita,World Bank
1992,CHN,China,2344.19770466192,LCU per capita,World Bank
1993,CHN,China,3033.31523030447,LCU per capita,World Bank
1994,CHN,China,4092.26109318824,LCU per capita,World Bank
1995,CHN,China,5035.14530794162,LCU per capita,World Bank
1996,CHN,China,5845.87901934212,LCU per capita,World Bank
1997,CHN,China,6447.80196329492,LCU per capita,World Bank
1998,CHN,China,6802.77148159928,LCU per capita,World Bank
1999,CHN,China,7198.72918055295,LCU per capita,World Bank
2000,CHN,China,7927.37467775978,LCU per capita,World Bank
2001,CHN,China,8693.65884341707,LCU per capita,World Bank
2002,CHN,China,9534.12214932834,LCU per capita,World Bank
2003,CHN,China,10752.2120459485,LCU per capita,World Bank
2004,CHN,China,12638.4044133248,LCU per capita,World Bank
2005,CHN,China,14465.3453195471,LCU per capita,World Bank
2006,CHN,China,16946.2250766579,LCU per capita,World Bank
2007,CHN,China,20850.9391942393,LCU per capita,World Bank
2008,CHN,China,24633.0327519241,LCU per capita,World Bank
2009,CHN,China,26586.752399982,LCU per capita,World Bank
2010,CHN,China,31209.2800729608,LCU per capita,World Bank
2011,CHN,China,36516.536744397,LCU per capita,World Bank
2012,CHN,China,40338.4827830659,LCU per capita,World Bank
2013,CHN,China,43927.5842844987,LCU per capita,World Bank
2014,CHN,China,47862.0267374222,LCU per capita,World Bank
2015,CHN,China,50673.5828272433,LCU per capita,World Bank
2016,CHN,China,54582.6097608428,LCU per capita,World Bank
2017,CHN,China,60613.3510956407,LCU per capita,World Bank
2018,CHN,China,66438.4855570447,LCU per capita,World Bank
2019,CHN,China,71256.3994189288,LCU per capita,World Bank
2020,CHN,China,72762.5186025087,LCU per capita,World Bank
2021,CHN,China,82543.8839955819,LCU per capita,World Bank
2022,CHN,China,86654.0478340149,LCU per capita,World Bank
2023,CHN,China,90995.3356820325,LCU per capita,World Bank
2024,CHN,China,95081.3179793822,LCU per capita,World Bank
1960,DEU,Germany,2500.03721666081,LCU per capita,World Bank
1961,DEU,Germany,2713.39342868061,LCU per capita,World Bank
1962,DEU,Germany,2925.81076970231,LCU per capita,World Bank
1963,DEU,Germany,3072.53608558433,LCU per capita,World Bank
1964,DEU,Germany,3347.02469806909,LCU per capita,World Bank
1965,DEU,Germany,3623.87386763699,LCU per capita,World Bank
1966,DEU,Germany,3822.77698566101,LCU per capita,World Bank
1967,DEU,Germany,3854.52694430169,LCU per capita,World Bank
1968,DEU,Germany,4148.33423570457,LCU per capita,World Bank
1969,DEU,Germany,4609.86750673413,LCU per capita,World Bank
1970,DEU,Germany,5207.95119423435,LCU per capita,World Bank
1971,DEU,Germany,5761.88619230547,LCU per capita,World Bank
1972,DEU,Germany,6246.24810258054,LCU per capita,World Bank
1973,DEU,Germany,6934.09166786953,LCU per capita,World Bank
1974,DEU,Germany,7501.89006397105,LCU per capita,World Bank
1975,DEU,Germany,7898.64600498409,LCU per capita,World Bank
1976,DEU,Germany,8607.54933655191,LCU per capita,World Bank
1977,DEU,Germany,9177.67107275869,LCU per capita,World Bank
1978,DEU,Germany,9832.61675806762,LCU per capita,World Bank
1979,DEU,Germany,10642.5146317472,LCU per capita,World Bank
1980,DEU,Germany,11359.1101209965,LCU per capita,World Bank
1981,DEU,Germany,11857.5294580941,LCU per capita,World Bank
1982,DEU,Germany,12352.5328019225,LCU per capita,World Bank
1983,DEU,Germany,12973.4003110423,LCU per capita,World Bank
1984,DEU,Germany,13705.5292547004,LCU per capita,World Bank
1985,DEU,Germany,14355.6725258468,LCU per capita,World Bank
1986,DEU,Germany,15080.6953784974,LCU per capita,World Bank
1987,DEU,Germany,15441.6536270849,LCU per capita,World Bank
1988,DEU,Germany,16302.0978194289,LCU per capita,World Bank
1989,DEU,Germany,17312.2119165982,LCU per capita,World Bank
1990,DEU,Germany,18677.6022603897,LCU per capita,World Bank
1991,DEU,Germany,19948.2397782505,LCU per capita,World Bank
1992,DEU,Germany,21233.858406339,LCU per capita,World Bank
1993,DEU,Germany,21672.6399506099,LCU per capita,World Bank
1994,DEU,Germany,22523.2520802116,LCU per capita,World Bank
1995,DEU,Germany,23229.7536090816,LCU per capita,World Bank
1996,DEU,Germany,23546.2733238136,LCU per capita,World Bank
1997,DEU,Germany,23933.022254673,LCU per capita,World Bank
1998,DEU,Germany,24506.5172550993,LCU per capita,World Bank
1999,DEU,Germany,25117.3799814454,LCU per capita,World Bank
2000,DEU,Germany,25750.5311786763,LCU per capita,World Bank
2001,DEU,Germany,26467.3100795174,LCU per capita,World Bank
2002,DEU,Germany,26669.8768113056,LCU per capita,World Bank
2003,DEU,Germany,26869.705466012,LCU per capita,World Bank
2004,DEU,Germany,27954.9145828955,LCU per capita,World Bank
2005,DEU,Germany,28429.5796325576,LCU per capita,World Bank
2006,DEU,Germany,29944.055249479,LCU per capita,World Bank
2007,DEU,Germany,31345.5539281591,LCU per capita,World Bank
2008,DEU,Germany,31837.4243304085,LCU per capita,World Bank
2009,DEU,Germany,31141.6258396726,LCU per capita,World Bank
2010,DEU,Germany,32628.7254852927,LCU per capita,World Bank
2011,DEU,Germany,35106.092766161,LCU per capita,World Bank
2012,DEU,Germany,35656.1722719331,LCU per capita,World Bank
2013,DEU,Germany,36384.8222107082,LCU per capita,World Bank
2014,DEU,Germany,37631.1425307937,LCU per capita,World Bank
2015,DEU,Germany,38515.3204605342,LCU per capita,World Bank
2016,DEU,Germany,39920.8273785214,LCU per capita,World Bank
2017,DEU,Germany,41321.5930575367,LCU per capita,World Bank
2018,DEU,Germany,43011.3185591808,LCU per capita,World Bank
2019,DEU,Germany,44113.3510200298,LCU per capita,World Bank
2020,DEU,Germany,42529.6531586351,LCU per capita,World Bank
2021,DEU,Germany,45684.2568948983,LCU per capita,World Bank
2022,DEU,Germany,48893.168493252,LCU per capita,World Bank
2023,DEU,Germany,51634.2992519969,LCU per capita,World Bank
2024,DEU,Germany,53394.1357390857,LCU per capita,World Bank
1960,ESP,Spain,146.176560283065,LCU per capita,World Bank
1961,ESP,Spain,166.005272421576,LCU per capita,World Bank
1962,ESP,Spain,191.919416512634,LCU per capita,World Bank
1963,ESP,Spain,224.842022683079,LCU per capita,World Bank
1964,ESP,Spain,248.687438022553,LCU per capita,World Bank
1965,ESP,Spain,285.805539345996,LCU per capita,World Bank
1966,ESP,Spain,326.874566721443,LCU per capita,World Bank
1967,ESP,Spain,365.600140220449,LCU per capita,World Bank
1968,ESP,Spain,407.173264275462,LCU per capita,World Bank
1969,ESP,Spain,460.894066820502,LCU per capita,World Bank
1970,ESP,Spain,503.042641638295,LCU per capita,World Bank
1971,ESP,Spain,561.923143339755,LCU per capita,World Bank
1972,ESP,Spain,653.057788576383,LCU per capita,World Bank
1973,ESP,Spain,780.675423012873,LCU per capita,World Bank
1974,ESP,Spain,949.315041965933,LCU per capita,World Bank
1975,ESP,Spain,1098.22816776153,LCU per capita,World Bank
1976,ESP,Spain,1303.22425165087,LCU per capita,World Bank
1977,ESP,Spain,1634.12854827275,LCU per capita,World Bank
1978,ESP,Spain,1979.62536068864,LCU per capita,World Bank
1979,ESP,Spain,2301.57192549984,LCU per capita,World Bank
1980,ESP,Spain,2638.18059534826,LCU per capita,World Bank
1981,ESP,Spain,2923.58862269133,LCU per capita,World Bank
1982,ESP,Spain,3339.4607467612,LCU per capita,World Bank
1983,ESP,Spain,3774.97744719395,LCU per capita,World Bank
1984,ESP,Spain,4244.7459408421,LCU per capita,World Bank
1985,ESP,Spain,4733.39290085094,LCU per capita,World Bank
1986,ESP,Spain,5408.02766407676,LCU per capita,World Bank
1987,ESP,Spain,6032.9415043086,LCU per capita,World Bank
1988,ESP,Spain,6691.36830741266,LCU per capita,World Bank
1989,ESP,Spain,7510.80059619194,LCU per capita,World Bank
1990,ESP,Spain,8353.76224273954,LCU per capita,World Bank
1991,ESP,Spain,9139.67331732363,LCU per capita,World Bank
1992,ESP,Spain,9785.6371488764,LCU per capita,World Bank
1993,ESP,Spain,10112.1286710777,LCU per capita,World Bank
1994,ESP,Spain,10563.9363092589,LCU per capita,World Bank
1995,ESP,Spain,11488.8335655604,LCU per capita,World Bank
1996,ESP,Spain,12079.5524886881,LCU per capita,World Bank
1997,ESP,Spain,12797.5080203056,LCU per capita,World Bank
1998,ESP,Spain,13633.3323877835,LCU per capita,World Bank
1999,ESP,Spain,14602.6896114146,LCU per capita,World Bank
2000,ESP,Spain,15848.4311621632,LCU per capita,World Bank
2001,ESP,Spain,16921.640839265,LCU per capita,World Bank
2002,ESP,Spain,17890.999899159,LCU per capita,World Bank
2003,ESP,Spain,18870.4773636926,LCU per capita,World Bank
2004,ESP,Spain,19850.9874738755,LCU per capita,World Bank
2005,ESP,Spain,20967.8544425941,LCU per capita,World Bank
2006,ESP,Spain,22216.5892494545,LCU per capita,World Bank
2007,ESP,Spain,23239.9358407005,LCU per capita,World Bank
2008,ESP,Spain,23534.937226284,LCU per capita,World Bank
2009,ESP,Spain,22698.8379901484,LCU per capita,World Bank
2010,ESP,Spain,22788.1646989064,LCU per capita,World Bank
2011,ESP,Spain,22461.3269533848,LCU per capita,World Bank
2012,ESP,Spain,21968.8664766499,LCU per capita,World Bank
2013,ESP,Spain,21866.2495139654,LCU per capita,World Bank
2014,ESP,Spain,22282.5584779302,LCU per capita,World Bank
2015,ESP,Spain,23399.5715378446,LCU per capita,World Bank
2016,ESP,Spain,24210.5479085161,LCU per capita,World Bank
2017,ESP,Spain,25112.7133591828,LCU per capita,World Bank
2018,ESP,Spain,25922.6137157721,LCU per capita,World Bank
2019,ESP,Spain,26633.1689966113,LCU per capita,World Bank
2020,ESP,Spain,23886.9670374369,LCU per capita,World Bank
2021,ESP,Spain,26214.6255041305,LCU per capita,World Bank
2022,ESP,Spain,28870.9466195841,LCU per capita,World Bank
2023,ESP,Spain,30841.1056444839,LCU per capita,World Bank
2024,ESP,Spain,32443.2688463171,LCU per capita,World Bank
1960,FRA,France,989.579558873392,LCU per capita,World Bank
1961,FRA,France,1061.09295494663,LCU per capita,World Bank
1962,FRA,France,1178.44741410515,LCU per capita,World Bank
1963,FRA,France,1307.620324064,LCU per capita,World Bank
1964,FRA,France,1434.41011862557,LCU per capita,World Bank
1965,FRA,France,1534.29612116431,LCU per capita,World Bank
1966,FRA,France,1646.11419819236,LCU per capita,World Bank
1967,FRA,France,1764.02162097113,LCU per capita,World Bank
1968,FRA,France,1905.29685414546,LCU per capita,World Bank
1969,FRA,France,2169.34317038955,LCU per capita,World Bank
1970,FRA,France,2408.87174612408,LCU per capita,World Bank
1971,FRA,France,2664.30077985616,LCU per capita,World Bank
1972,FRA,France,2942.24259963058,LCU per capita,World Bank
1973,FRA,France,3342.61990257334,LCU per capita,World Bank
1974,FRA,France,3867.55091780646,LCU per capita,World Bank
1975,FRA,France,4339.22444801203,LCU per capita,World Bank
1976,FRA,France,4990.68425593616,LCU per capita,World Bank
1977,FRA,France,5593.76514538922,LCU per capita,World Bank
1978,FRA,France,6330.18069380237,LCU per capita,World Bank
1979,FRA,France,7211.001717702,LCU per capita,World Bank
1980,FRA,France,8159.21407360803,LCU per capita,World Bank
1981,FRA,France,9139.94161467205,LCU per capita,World Bank
1982,FRA,France,10413.0449074932,LCU per capita,World Bank
1983,FRA,France,11424.077316149,LCU per capita,World Bank
1984,FRA,France,12338.4575356244,LCU per capita,World Bank
1985,FRA,France,13220.0655921539,LCU per capita,World Bank
1986,FRA,France,14251.035386929,LCU per capita,World Bank
1987,FRA,France,14947.9761758806,LCU per capita,World Bank
1988,FRA,France,16055.3788968285,LCU per capita,World Bank
1989,FRA,France,17145.2882486604,LCU per capita,World Bank
1990,FRA,France,17993.9699639958,LCU per capita,World Bank
1991,FRA,France,18556.1244222067,LCU per capita,World Bank
1992,FRA,France,19144.8784860647,LCU per capita,World Bank
1993,FRA,France,19309.6490007782,LCU per capita,World Bank
1994,FRA,France,19852.7032418094,LCU per capita,World Bank
1995,FRA,France,20470.0589812509,LCU per capita,World Bank
1996,FRA,France,21062.4507903203,LCU per capita,World Bank
1997,FRA,France,21783.4922340167,LCU per capita,World Bank
1998,FRA,France,22674.4673644181,LCU per capita,World Bank
1999,FRA,France,23538.5248345401,LCU per capita,World Bank
2000,FRA,France,24596.184082247,LCU per capita,World Bank
2001,FRA,France,25410.9497436925,LCU per capita,World Bank
2002,FRA,France,25827.4693020669,LCU per capita,World Bank
2003,FRA,France,26435.2696082585,LCU per capita,World Bank
2004,FRA,France,27449.5456594503,LCU per capita,World Bank
2005,FRA,France,28394.7538917407,LCU per capita,World Bank
2006,FRA,France,29624.6387786228,LCU per capita,World Bank
2007,FRA,France,30905.6141277716,LCU per capita,World Bank
2008,FRA,France,31617.8071042233,LCU per capita,World Bank
2009,FRA,France,30633.89088529,LCU per capita,World Bank
2010,FRA,France,31445.6981047227,LCU per capita,World Bank
2011,FRA,France,32438.1921686639,LCU per capita,World Bank
2012,FRA,France,32545.0028609762,LCU per capita,World Bank
2013,FRA,France,32894.4700873355,LCU per capita,World Bank
2014,FRA,France,33212.0547531718,LCU per capita,World Bank
2015,FRA,France,33749.2053888341,LCU per capita,World Bank
2016,FRA,France,34123.4226240041,LCU per capita,World Bank
2017,FRA,France,34940.4779161129,LCU per capita,World Bank
2018,FRA,France,35864.3247150749,LCU per capita,World Bank
2019,FRA,France,37173.557217254,LCU per capita,World Bank
2020,FRA,France,34983.6785224385,LCU per capita,World Bank
2021,FRA,France,38125.5988935954,LCU per capita,World Bank
2022,FRA,France,40101.5543741524,LCU per capita,World Bank
2023,FRA,France,42104.5483779481,LCU per capita,World Bank
2024,FRA,France,43539.6861614321,LCU per capita,World Bank
1960,GBR,United Kingdom,564.929780103552,LCU per capita,World Bank
1961,GBR,United Kingdom,594.274361818275,LCU per capita,World Bank
1962,GBR,United Kingdom,620.755728273812,LCU per capita,World Bank
1963,GBR,United Kingdom,654.349321633812,LCU per capita,World Bank
1964,GBR,United Kingdom,709.270181313337,LCU per capita,World Bank
1965,GBR,United Kingdom,760.016319996162,LCU per capita,World Bank
1966,GBR,United Kingdom,802.185406376404,LCU per capita,World Bank
1967,GBR,United Kingdom,839.54575367568,LCU per capita,World Bank
1968,GBR,United Kingdom,903.611812224661,LCU per capita,World Bank
1969,GBR,United Kingdom,969.732680222928,LCU per capita,World Bank
1970,GBR,United Kingdom,1061.72151284735,LCU per capita,World Bank
1971,GBR,United Kingdom,1176.90465418388,LCU per capita,World Bank
1972,GBR,United Kingdom,1310.85331088926,LCU per capita,World Bank
1973,GBR,United Kingdom,1513.84114328429,LCU per capita,World Bank
1974,GBR,United Kingdom,1712.95803907005,LCU per capita,World Bank
1975,GBR,United Kingdom,2146.27473508603,LCU per capita,World Bank
1976,GBR,United Kingdom,2543.49381612115,LCU per capita,World Bank
1977,GBR,United Kingdom,2923.16656526702,LCU per capita,World Bank
1978,GBR,United Kingdom,3381.28722384581,LCU per capita,World Bank
1979,GBR,United Kingdom,3956.60033198955,LCU per capita,World Bank
1980,GBR,United Kingdom,4594.10792472011,LCU per capita,World Bank
1981,GBR,United Kingdom,5052.07008030645,LCU per capita,World Bank
1982,GBR,United Kingdom,5523.88292563075,LCU per capita,World Bank
1983,GBR,United Kingdom,6075.0854102033,LCU per capita,World Bank
1984,GBR,United Kingdom,6521.70202115229,LCU per capita,World Bank
1985,GBR,United Kingdom,7065.45592321508,LCU per capita,World Bank
1986,GBR,United Kingdom,7619.07233195174,LCU per capita,World Bank
1987,GBR,United Kingdom,8377.46123599412,LCU per capita,World Bank
1988,GBR,United Kingdom,9352.67421436783,LCU per capita,World Bank
1989,GBR,United Kingdom,10204.9471631258,LCU per capita,World Bank
1990,GBR,United Kingdom,10994.256491444,LCU per capita,World Bank
1991,GBR,United Kingdom,11565.0203778337,LCU per capita,World Bank
1992,GBR,United Kingdom,12103.8443253661,LCU per capita,World Bank
1993,GBR,United Kingdom,12704.2132196729,LCU per capita,World Bank
1994,GBR,United Kingdom,13563.3364609753,LCU per capita,World Bank
1995,GBR,United Kingdom,14265.1100854323,LCU per capita,World Bank
1996,GBR,United Kingdom,15158.6953415986,LCU per capita,World Bank
1997,GBR,United Kingdom,16111.2897631793,LCU per capita,World Bank
1998,GBR,United Kingdom,17164.1125012419,LCU per capita,World Bank
1999,GBR,United Kingdom,17717.3024732805,LCU per capita,World Bank
2000,GBR,United Kingdom,18742.4500166524,LCU per capita,World Bank
2001,GBR,United Kingdom,19491.3628835532,LCU per capita,World Bank
2002,GBR,United Kingdom,20300.1225575424,LCU per capita,World Bank
2003,GBR,United Kingdom,21337.5473743049,LCU per capita,World Bank
2004,GBR,United Kingdom,22229.8811735466,LCU per capita,World Bank
2005,GBR,United Kingdom,23398.0261917287,LCU per capita,World Bank
2006,GBR,United Kingdom,24097.5781478802,LCU per capita,World Bank
2007,GBR,United Kingdom,24958.7822328663,LCU per capita,World Bank
2008,GBR,United Kingdom,25443.220463962,LCU per capita,World Bank
2009,GBR,United Kingdom,24660.9181956466,LCU per capita,World Bank
2010,GBR,United Kingdom,25638.8911481492,LCU per capita,World Bank
2011,GBR,United Kingdom,26392.1341549106,LCU per capita,World Bank
2012,GBR,United Kingdom,26647.7060476213,LCU per capita,World Bank
2013,GBR,United Kingdom,27281.2329471928,LCU per capita,World Bank
2014,GBR,United Kingdom,28307.675642216,LCU per capita,World Bank
2015,GBR,United Kingdom,28802.267699115,LCU per capita,World Bank
2016,GBR,United Kingdom,29644.885454296,LCU per capita,World Bank
2017,GBR,United Kingdom,31229.3454203681,LCU per capita,World Bank
2018,GBR,United Kingdom,32027.1990828041,LCU per capita,World Bank
2019,GBR,United Kingdom,33492.9237141871,LCU per capita,World Bank
2020,GBR,United Kingdom,30842.068200887,LCU per capita,World Bank
2021,GBR,United Kingdom,34322.3904215932,LCU per capita,World Bank
2022,GBR,United Kingdom,37575.2618188273,LCU per capita,World Bank
2023,GBR,United Kingdom,39400.3825264264,LCU per capita,World Bank
2024,GBR,United Kingdom,40821.865843827,LCU per capita,World Bank
1960,IDN,Indonesia,4382.98103188511,LCU per capita,World Bank
1961,IDN,Indonesia,5122.7404086048,LCU per capita,World Bank
1962,IDN,Indonesia,14201.7448837146,LCU per capita,World Bank
1963,IDN,Indonesia,32983.3735728895,LCU per capita,World Bank
1964,IDN,Indonesia,70962.6020561053,LCU per capita,World Bank
1965,IDN,Indonesia,232200.165875583,LCU per capita,World Bank
1966,IDN,Indonesia,2996.35560301252,LCU per capita,World Bank
1967,IDN,Indonesia,7868.47255778199,LCU per capita,World Bank
1968,IDN,Indonesia,18893.5576668676,LCU per capita,World Bank
1969,IDN,Indonesia,23845.1501812974,LCU per capita,World Bank
1970,IDN,Indonesia,28446.0596349592,LCU per capita,World Bank
1971,IDN,Indonesia,30339.0363114329,LCU per capita,World Bank
1972,IDN,Indonesia,36086.5760223336,LCU per capita,World Bank
1973,IDN,Indonesia,51941.7122950176,LCU per capita,World Bank
1974,IDN,Indonesia,79350.4447841779,LCU per capita,World Bank
1975,IDN,Indonesia,91675.1155503289,LCU per capita,World Bank
1976,IDN,Indonesia,111223.596047617,LCU per capita,World Bank
1977,IDN,Indonesia,132330.407984013,LCU per capita,World Bank
1978,IDN,Indonesia,154130.41553713,LCU per capita,World Bank
1979,IDN,Indonesia,209997.833118852,LCU per capita,World Bank
1980,IDN,Indonesia,291606.864936508,LCU per capita,World Bank
1981,IDN,Indonesia,341686.644856658,LCU per capita,World Bank
1982,IDN,Indonesia,369588.623167465,LCU per capita,World Bank
1983,IDN,Indonesia,440571.823177652,LCU per capita,World Bank
1984,IDN,Indonesia,507724.528745052,LCU per capita,World Bank
1985,IDN,Indonesia,544375.085687444,LCU per capita,World Bank
1986,IDN,Indonesia,577954.237890257,LCU per capita,World Bank
1987,IDN,Indonesia,684652.814884742,LCU per capita,World Bank
1988,IDN,Indonesia,764372.227620396,LCU per capita,World Bank
1989,IDN,Indonesia,882960.381656925,LCU per capita,World Bank
1990,IDN,Indonesia,1013518.18614186,LCU per capita,World Bank
1991,IDN,Indonesia,1159401.12894737,LCU per capita,World Bank
1992,IDN,Indonesia,1302003.92179182,LCU per capita,World Bank
1993,IDN,Indonesia,1641048.72767809,LCU per capita,World Bank
1994,IDN,Indonesia,1892099.50273213,LCU per capita,World Bank
1995,IDN,Indonesia,2206975.27716726,LCU per capita,World Bank
1996,IDN,Indonesia,2550613.72997786,LCU per capita,World Bank
1997,IDN,Indonesia,2950285.27580131,LCU per capita,World Bank
1998,IDN,Indonesia,4298115.64384239,LCU per capita,World Bank
1999,IDN,Indonesia,4769695.46977252,LCU per capita,World Bank
2000,IDN,Indonesia,6005282.17175861,LCU per capita,World Bank
2001,IDN,Indonesia,7235444.9108326,LCU per capita,World Bank
2002,IDN,Indonesia,7957730.09313247,LCU per capita,World Bank
2003,IDN,Indonesia,8603767.33483462,LCU per capita,World Bank
2004,IDN,Indonesia,9610443.08320437,LCU per capita,World Bank
2005,IDN,Indonesia,11431809.0306887,LCU per capita,World Bank
2006,IDN,Indonesia,13664993.873777,LCU per capita,World Bank
2007,IDN,Indonesia,15980642.7412381,LCU per capita,World Bank
2008,IDN,Indonesia,19873687.938623,LCU per capita,World Bank
2009,IDN,Indonesia,22243167.4940334,LCU per capita,World Bank
2010,IDN,Indonesia,27126341.364064,LCU per capita,World Bank
2011,IDN,Indonesia,30524040.2862016,LCU per capita,World Bank
2012,IDN,Indonesia,33132411.6230022,LCU per capita,World Bank
2013,IDN,Indonesia,36195890.1200437,LCU per capita,World Bank
2014,IDN,Indonesia,39460038.6290732,LCU per capita,World Bank
2015,IDN,Indonesia,42566940.4199055,LCU per capita,World Bank
2016,IDN,Indonesia,45364594.2741617,LCU per capita,World Bank
2017,IDN,Indonesia,49221561.3264633,LCU per capita,World Bank
2018,IDN,Indonesia,53330149.3095513,LCU per capita,World Bank
2019,IDN,Indonesia,56337373.908123,LCU per capita,World Bank
2020,IDN,Indonesia,54652450.450337,LCU per capita,World Bank
2021,IDN,Indonesia,59676148.056223,LCU per capita,World Bank
2022,IDN,Indonesia,68354643.1172893,LCU per capita,World Bank
2023,IDN,Indonesia,72335523.8576048,LCU per capita,World Bank
2024,IDN,Indonesia,76033306.3350058,LCU per capita,World Bank
1960,IND,India,402.790127954625,LCU per capita,World Bank
1961,IND,India,416.156771664786,LCU per capita,World Bank
1962,IND,India,436.685206225317,LCU per capita,World Bank
1963,IND,India,490.154773765439,LCU per capita,World Bank
1964,IND,India,558.194848119544,LCU per capita,World Bank
1965,IND,India,575.264482599636,LCU per capita,World Bank
1966,IND,India,636.574024456237,LCU per capita,World Bank
1967,IND,India,729.920671375063,LCU per capita,World Bank
1968,IND,India,756.797661133157,LCU per capita,World Bank
1969,IND,India,816.006441002652,LCU per capita,World Bank
1970,IND,India,852.462141577657,LCU per capita,World Bank
1971,IND,India,892.837015373834,LCU per capita,World Bank
1972,IND,India,963.103532572979,LCU per capita,World Bank
1973,IND,India,1146.86549994332,LCU per capita,World Bank
1974,IND,India,1324.64645318033,LCU per capita,World Bank
1975,IND,India,1389.76156630699,LCU per capita,World Bank
1976,IND,India,1463.24110163136,LCU per capita,World Bank
1977,IND,India,1619.69945719647,LCU per capita,World Bank
1978,IND,India,1715.88416304097,LCU per capita,World Bank
1979,IND,India,1843.31550199778,LCU per capita,World Bank
1980,IND,India,2144.56979967492,LCU per capita,World Bank
1981,IND,India,2455.82529848639,LCU per capita,World Bank
1982,IND,India,2674.1213461934,LCU per capita,World Bank
1983,IND,India,3039.57882811772,LCU per capita,World Bank
1984,IND,India,3321.92880457555,LCU per capita,World Bank
1985,IND,India,3664.0897437987,LCU per capita,World Bank
1986,IND,India,4003.60381550201,LCU per capita,World Bank
1987,IND,India,4440.99167448429,LCU per capita,World Bank
1988,IND,India,5135.31866777526,LCU per capita,World Bank
1989,IND,India,5762.69307589291,LCU per capita,World Bank
1990,IND,India,6573.20769114041,LCU per capita,World Bank
1991,IND,India,7378.24549816071,LCU per capita,World Bank
1992,IND,India,8301.06941562571,LCU per capita,World Bank
1993,IND,India,9368.77994799164,LCU per capita,World Bank
1994,IND,India,10779.0704919902,LCU per capita,World Bank
1995,IND,India,12413.8017265344,LCU per capita,World Bank
1996,IND,India,14103.9538372701,LCU per capita,World Bank
1997,IND,India,15334.171800312,LCU per capita,World Bank
1998,IND,India,17251.2933465826,LCU per capita,World Bank
1999,IND,India,19001.9408995185,LCU per capita,World Bank
2000,IND,India,20012.3565224494,LCU per capita,World Bank
2001,IND,India,21293.0512233027,LCU per capita,World Bank
2002,IND,India,22557.6068468562,LCU per capita,World Bank
2003,IND,India,24819.2575280371,LCU per capita,World Bank
2004,IND,India,27851.9415646374,LCU per capita,World Bank
2005,IND,India,31229.6060116144,LCU per capita,World Bank
2006,IND,India,35991.738105202,LCU per capita,World Bank
2007,IND,India,40969.5834388522,LCU per capita,World Bank
2008,IND,India,45377.0086872283,LCU per capita,World Bank
2009,IND,India,51638.3412591912,LCU per capita,World Bank
2010,IND,India,60738.054532186,LCU per capita,World Bank
2011,IND,India,68659.4781042526,LCU per capita,World Bank
2012,IND,India,76854.9782511421,LCU per capita,World Bank
2013,IND,India,85610.3191792489,LCU per capita,World Bank
2014,IND,India,93886.6384551829,LCU per capita,World Bank
2015,IND,India,102498.823099949,LCU per capita,World Bank
2016,IND,India,113213.534765209,LCU per capita,World Bank
2017,IND,India,124334.481013967,LCU per capita,World Bank
2018,IND,India,136014.408714363,LCU per capita,World Bank
2019,IND,India,143340.8543525,LCU per capita,World Bank
2020,IND,India,139648.948481646,LCU per capita,World Bank
2021,IND,India,164895.530040952,LCU per capita,World Bank
2022,IND,India,186051.171403893,LCU per capita,World Bank
2023,IND,India,206601.864607184,LCU per capita,World Bank
2024,IND,India,224854.316551007,LCU per capita,World Bank
1960,ITA,Italy,270.988155096194,LCU per capita,World Bank
1961,ITA,Italy,299.22107886675,LCU per capita,World Bank
1962,ITA,Italy,333.769025260629,LCU per capita,World Bank
1963,ITA,Italy,379.468823901424,LCU per capita,World Bank
1964,ITA,Italy,412.225090156098,LCU per capita,World Bank
1965,ITA,Italy,440.595492522552,LCU per capita,World Bank
1966,ITA,Italy,474.124730236943,LCU per capita,World Bank
1967,ITA,Italy,518.011943695861,LCU per capita,World Bank
1968,ITA,Italy,558.256468585954,LCU per capita,World Bank
1969,ITA,Italy,613.233039662092,LCU per capita,World Bank
1970,ITA,Italy,687.512395058884,LCU per capita,World Bank
1971,ITA,Italy,746.890537303954,LCU per capita,World Bank
1972,ITA,Italy,813.807289981518,LCU per capita,World Bank
1973,ITA,Italy,973.840361286795,LCU per capita,World Bank
1974,ITA,Italy,1220.14184207732,LCU per capita,World Bank
1975,ITA,Italy,1391.32386877358,LCU per capita,World Bank
1976,ITA,Italy,1740.59758865406,LCU per capita,World Bank
1977,ITA,Italy,2108.47265512892,LCU per capita,World Bank
1978,ITA,Italy,2472.21258077822,LCU per capita,World Bank
1979,ITA,Italy,3023.50823716339,LCU per capita,World Bank
1980,ITA,Italy,3772.78093729613,LCU per capita,World Bank
1981,ITA,Italy,4479.96102770405,LCU per capita,World Bank
1982,ITA,Italy,5278.16367306841,LCU per capita,World Bank
1983,ITA,Italy,6152.23240461781,LCU per capita,World Bank
1984,ITA,Italy,7031.28988500181,LCU per capita,World Bank
1985,ITA,Italy,7878.9412753374,LCU per capita,World Bank
1986,ITA,Italy,8686.83174678563,LCU per capita,World Bank
1987,ITA,Italy,9521.52263144521,LCU per capita,World Bank
1988,ITA,Italy,10579.7075534483,LCU per capita,World Bank
1989,ITA,Italy,11581.3043532195,LCU per capita,World Bank
1990,ITA,Italy,12758.8523929446,LCU per capita,World Bank
1991,ITA,Italy,13899.265856487,LCU per capita,World Bank
1992,ITA,Italy,14588.9528806292,LCU per capita,World Bank
1993,ITA,Italy,15048.7812804731,LCU per capita,World Bank
1994,ITA,Italy,15891.3902405556,LCU per capita,World Bank
1995,ITA,Italy,17214.1753589625,LCU per capita,World Bank
1996,ITA,Italy,18248.6804804922,LCU per capita,World Bank
1997,ITA,Italy,19161.2615927349,LCU per capita,World Bank
1998,ITA,Italy,19944.8522305195,LCU per capita,World Bank
1999,ITA,Italy,20648.9133862966,LCU per capita,World Bank
2000,ITA,Italy,21776.5822789701,LCU per capita,World Bank
2001,ITA,Italy,22897.5154018778,LCU per capita,World Bank
2002,ITA,Italy,23638.1741166342,LCU per capita,World Bank
2003,ITA,Italy,24262.7473589172,LCU per capita,World Bank
2004,ITA,Italy,25159.9397587809,LCU per capita,World Bank
2005,ITA,Italy,25812.3696998911,LCU per capita,World Bank
2006,ITA,Italy,26815.2573171364,LCU per capita,World Bank
2007,ITA,Italy,27621.8833377836,LCU per capita,World Bank
2008,ITA,Italy,27504.1600673359,LCU per capita,World Bank
2009,ITA,Italy,26579.9787203368,LCU per capita,World Bank
2010,ITA,Italy,26988.1428279622,LCU per capita,World Bank
2011,ITA,Italy,27539.5002045835,LCU per capita,World Bank
2012,ITA,Italy,27094.2201945077,LCU per capita,World Bank
2013,ITA,Italy,26835.1917565196,LCU per capita,World Bank
2014,ITA,Italy,27119.5710620567,LCU per capita,World Bank
2015,ITA,Italy,27424.6078817884,LCU per capita,World Bank
2016,ITA,Italy,28436.635758633,LCU per capita,World Bank
2017,ITA,Italy,29230.6362101209,LCU per capita,World Bank
2018,ITA,Italy,29874.222630204,LCU per capita,World Bank
2019,ITA,Italy,30444.9150992295,LCU per capita,World Bank
2020,ITA,Italy,28453.9130811933,LCU per capita,World Bank
2021,ITA,Italy,31504.2015418317,LCU per capita,World Bank
2022,ITA,Italy,34171.3149260831,LCU per capita,World Bank
2023,ITA,Italy,35939.7831709354,LCU per capita,World Bank
2024,ITA,Italy,36926.8953765539,LCU per capita,World Bank
1960,JPN,Japan,181621.069446522,LCU per capita,World Bank
1961,JPN,Japan,217232.077272828,LCU per capita,World Bank
1962,JPN,Japan,244139.448443906,LCU per capita,World Bank
1963,JPN,Japan,276482.062460637,LCU per capita,World Bank
1964,JPN,Japan,321573.300248723,LCU per capita,World Bank
1965,JPN,Japan,354074.047526439,LCU per capita,World Bank
1966,JPN,Japan,407593.499848745,LCU per capita,World Bank
1967,JPN,Japan,472829.984030034,LCU per capita,World Bank
1968,JPN,Japan,553429.161792886,LCU per capita,World Bank
1969,JPN,Japan,642559.489806463,LCU per capita,World Bank
1970,JPN,Japan,749031.291190778,LCU per capita,World Bank
1971,JPN,Japan,806899.850922921,LCU per capita,World Bank
1972,JPN,Japan,912265.968587902,LCU per capita,World Bank
1973,JPN,Japan,1095371.24875123,LCU per capita,World Bank
1974,JPN,Japan,1287223.78345527,LCU per capita,World Bank
1975,JPN,Japan,1405374.35514865,LCU per capita,World Bank
1976,JPN,Japan,1561622.40876967,LCU per capita,World Bank
1977,JPN,Japan,1724204.88242939,LCU per capita,World Bank
1978,JPN,Japan,1883048.18160695,LCU per capita,World Bank
1979,JPN,Japan,2025606.06545,LCU per capita,World Bank
1980,JPN,Japan,2175263.3185768,LCU per capita,World Bank
1981,JPN,Japan,2318028.17716151,LCU per capita,World Bank
1982,JPN,Japan,2421952.05150236,LCU per capita,World Bank
1983,JPN,Japan,2503627.70564175,LCU per capita,World Bank
1984,JPN,Japan,2645680.02310069,LCU per capita,World Bank
1985,JPN,Japan,2828699.13773099,LCU per capita,World Bank
1986,JPN,Japan,2943925.89682422,LCU per capita,World Bank
1987,JPN,Japan,3053374.38582277,LCU per capita,World Bank
1988,JPN,Japan,3269516.12844067,LCU per capita,World Bank
1989,JPN,Japan,3510649.81461619,LCU per capita,World Bank
1990,JPN,Japan,3776230.76560197,LCU per capita,World Bank
1991,JPN,Japan,3988859.38920977,LCU per capita,World Bank
1992,JPN,Japan,4077359.31150492,LCU per capita,World Bank
1993,JPN,Japan,4090173.52052808,LCU per capita,World Bank
1994,JPN,Japan,4115452.3957884,LCU per capita,World Bank
1995,JPN,Japan,4192532.99540933,LCU per capita,World Bank
1996,JPN,Japan,4310054.31109203,LCU per capita,World Bank
1997,JPN,Japan,4368494.4112584,LCU per capita,World Bank
1998,JPN,Japan,4296858.38607595,LCU per capita,World Bank
1999,JPN,Japan,4221348.64290734,LCU per capita,World Bank
2000,JPN,Japan,4282171.66102978,LCU per capita,World Bank
2001,JPN,Japan,4246351.91782869,LCU per capita,World Bank
2002,JPN,Japan,4175395.66087332,LCU per capita,World Bank
2003,JPN,Japan,4168827.41665231,LCU per capita,World Bank
2004,JPN,Japan,4223673.10838206,LCU per capita,World Bank
2005,JPN,Japan,4260085.46406518,LCU per capita,World Bank
2006,JPN,Japan,4297644.18790183,LCU per capita,World Bank
2007,JPN,Japan,4342211.38897352,LCU per capita,World Bank
2008,JPN,Japan,4232315.34479124,LCU per capita,World Bank
2009,JPN,Japan,3962434.88718986,LCU per capita,World Bank
2010,JPN,Japan,4052443.97595065,LCU per capita,World Bank
2011,JPN,Japan,4004552.0327302,LCU per capita,World Bank
2012,JPN,Japan,4029588.10301734,LCU per capita,World Bank
2013,JPN,Japan,4128818.70610852,LCU per capita,World Bank
2014,JPN,Japan,4227786.85690939,LCU per capita,World Bank
2015,JPN,Japan,4398232.67081429,LCU per capita,World Bank
2016,JPN,Japan,4432837.82933048,LCU per capita,World Bank
2017,JPN,Japan,4517009.26188451,LCU per capita,World Bank
2018,JPN,Japan,4557327.83433614,LCU per capita,World Bank
2019,JPN,Japan,4578327.13431728,LCU per capita,World Bank
2020,JPN,Japan,4430854.34140392,LCU per capita,World Bank
2021,JPN,Japan,4610573.32397116,LCU per capita,World Bank
2022,JPN,Japan,4755979.63888732,LCU per capita,World Bank
2023,JPN,Japan,5036470.22305852,LCU per capita,World Bank
2024,JPN,Japan,5242153.27190793,LCU per capita,World Bank
1960,KOR,"Korea, Rep.",10079.0112925706,LCU per capita,World Bank
1961,KOR,"Korea, Rep.",11852.9797378085,LCU per capita,World Bank
1962,KOR,"Korea, Rep.",13959.1740363135,LCU per capita,World Bank
1963,KOR,"Korea, Rep.",19191.7267811193,LCU per capita,World Bank
1964,KOR,"Korea, Rep.",26715.1178943942,LCU per capita,World Bank
1965,KOR,"Korea, Rep.",29371.5232578499,LCU per capita,World Bank
1966,KOR,"Korea, Rep.",36996.0548752392,LCU per capita,World Bank
1967,KOR,"Korea, Rep.",44930.4956296978,LCU per capita,World Bank
1968,KOR,"Korea, Rep.",56413.6118778524,LCU per capita,World Bank
1969,KOR,"Korea, Rep.",71956.0252249965,LCU per capita,World Bank
1970,KOR,"Korea, Rep.",88316.5931196492,LCU per capita,World Bank
1971,KOR,"Korea, Rep.",105353.258053231,LCU per capita,World Bank
1972,KOR,"Korea, Rep.",127651.042342242,LCU per capita,World Bank
1973,KOR,"Korea, Rep.",162234.285168211,LCU per capita,World Bank
1974,KOR,"Korea, Rep.",228679.21051914,LCU per capita,World Bank
1975,KOR,"Korea, Rep.",296430.983206836,LCU per capita,World Bank
1976,KOR,"Korea, Rep.",401932.87740195,LCU per capita,World Bank
1977,KOR,"Korea, Rep.",509584.874901114,LCU per capita,World Bank
1978,KOR,"Korea, Rep.",682392.646740792,LCU per capita,World Bank
1979,KOR,"Korea, Rep.",861770.571272584,LCU per capita,World Bank
1980,KOR,"Korea, Rep.",1032521.04493849,LCU per capita,World Bank
1981,KOR,"Korea, Rep.",1265208.95148052,LCU per capita,World Bank
1982,KOR,"Korea, Rep.",1443228.19467211,LCU per capita,World Bank
1983,KOR,"Korea, Rep.",1688033.56859113,LCU per capita,World Bank
1984,KOR,"Korea, Rep.",1917529.18802367,LCU per capita,World Bank
1985,KOR,"Korea, Rep.",2112379.08074902,LCU per capita,World Bank
1986,KOR,"Korea, Rep.",2445113.2408142,LCU per capita,World Bank
1987,KOR,"Korea, Rep.",2888489.15072886,LCU per capita,World Bank
1988,KOR,"Korea, Rep.",3446578.68466287,LCU per capita,World Bank
1989,KOR,"Korea, Rep.",3894413.3433601,LCU per capita,World Bank
1990,KOR,"Korea, Rep.",4673633.09995178,LCU per capita,World Bank
1991,KOR,"Korea, Rep.",5594885.34936399,LCU per capita,World Bank
1992,KOR,"Korea, Rep.",6335668.84784256,LCU per capita,World Bank
1993,KOR,"Korea, Rep.",7122141.63223639,LCU per capita,World Bank
1994,KOR,"Korea, Rep.",8323070.84388218,LCU per capita,World Bank
1995,KOR,"Korea, Rep.",9655265.49347769,LCU per capita,World Bank
1996,KOR,"Korea, Rep.",10744268.5869671,LCU per capita,World Bank
1997,KOR,"Korea, Rep.",11731203.531912,LCU per capita,World Bank
1998,KOR,"Korea, Rep.",11456086.8856306,LCU per capita,World Bank
1999,KOR,"Korea, Rep.",12547642.5529001,LCU per capita,World Bank
2000,KOR,"Korea, Rep.",13769415.2398508,LCU per capita,World Bank
2001,KOR,"Korea, Rep.",14824445.19297,LCU per capita,World Bank
2002,KOR,"Korea, Rep.",16409552.5684097,LCU per capita,World Bank
2003,KOR,"Korea, Rep.",17423316.0090561,LCU per capita,World Bank
2004,KOR,"Korea, Rep.",18860590.4777992,LCU per capita,World Bank
2005,KOR,"Korea, Rep.",19730083.2521853,LCU per capita,World Bank
2006,KOR,"Korea, Rep.",20699835.9892624,LCU per capita,World Bank
2007,KOR,"Korea, Rep.",22325720.6045284,LCU per capita,World Bank
2008,KOR,"Korea, Rep.",23535145.6989613,LCU per capita,World Bank
2009,KOR,"Korea, Rep.",24407476.0126864,LCU per capita,World Bank
2010,KOR,"Korea, Rep.",26730110.712104,LCU per capita,World Bank
2011,KOR,"Korea, Rep.",27986161.1828974,LCU per capita,World Bank
2012,KOR,"Korea, Rep.",28987541.0591342,LCU per capita,World Bank
2013,KOR,"Korea, Rep.",29950784.3648283,LCU per capita,World Bank
2014,KOR,"Korea, Rep.",30947718.1542139,LCU per capita,World Bank
2015,KOR,"Korea, Rep.",32602339.0752518,LCU per capita,World Bank
2016,KOR,"Korea, Rep.",34112035.2233773,LCU per capita,World Bank
2017,KOR,"Korea, Rep.",35886143.3329457,LCU per capita,World Bank
2018,KOR,"Korea, Rep.",36945533.7241261,LCU per capita,World Bank
2019,KOR,"Korea, Rep.",37498591.224751,LCU per capita,World Bank
2020,KOR,"Korea, Rep.",37766434.0192582,LCU per capita,World Bank
2021,KOR,"Korea, Rep.",40634165.19896,LCU per capita,World Bank
2022,KOR,"Korea, Rep.",42450521.4749435,LCU per capita,World Bank
2023,KOR,"Korea, Rep.",44051004.2626153,LCU per capita,World Bank
1960,MEX,Mexico,4.31119836109922,LCU per capita,World Bank
1961,MEX,Mexico,4.54450418972039,LCU per capita,World Bank
1962,MEX,Mexico,4.73249644766568,LCU per capita,World Bank
1963,MEX,Mexico,5.11152205994127,LCU per capita,World Bank
1964,MEX,Mexico,5.82864153970517,LCU per capita,World Bank
1965,MEX,Mexico,6.14791465800501,LCU per capita,World Bank
1966,MEX,Mexico,6.60071030775297,LCU per capita,World Bank
1967,MEX,Mexico,7.09988907774807,LCU per capita,World Bank
1968,MEX,Mexico,7.58877235466092,LCU per capita,World Bank
1969,MEX,Mexico,8.12089908284236,LCU per capita,World Bank
1970,MEX,Mexico,8.5844416701517,LCU per capita,World Bank
1971,MEX,Mexico,9.180862723777,LCU per capita,World Bank
1972,MEX,Mexico,10.2691426019627,LCU per capita,World Bank
1973,MEX,Mexico,12.223411151153,LCU per capita,World Bank
1974,MEX,Mexico,15.427316841064,LCU per capita,World Bank
1975,MEX,Mexico,18.2452629937066,LCU per capita,World Bank
1976,MEX,Mexico,22.0339355037517,LCU per capita,World Bank
1977,MEX,Mexico,28.8665816391997,LCU per capita,World Bank
1978,MEX,Mexico,35.4834596939754,LCU per capita,World Bank
1979,MEX,Mexico,45.3184956053696,LCU per capita,World Bank
1980,MEX,Mexico,67.9066451587001,LCU per capita,World Bank
1981,MEX,Mexico,90.2743685822475,LCU per capita,World Bank
1982,MEX,Mexico,138.0089676383,LCU per capita,World Bank
1983,MEX,Mexico,245.362059205872,LCU per capita,World Bank
1984,MEX,Mexico,397.626229263054,LCU per capita,World Bank
1985,MEX,Mexico,637.507647240036,LCU per capita,World Bank
1986,MEX,Mexico,1014.77603822764,LCU per capita,World Bank
1987,MEX,Mexico,2482.41028528341,LCU per capita,World Bank
1988,MEX,Mexico,4973.30869343226,LCU per capita,World Bank
1989,MEX,Mexico,6456.1233828393,LCU per capita,World Bank
1990,MEX,Mexico,8579.31827717813,LCU per capita,World Bank
1991,MEX,Mexico,10887.1421894429,LCU per capita,World Bank
1992,MEX,Mexico,12717.1105998969,LCU per capita,World Bank
1993,MEX,Mexico,18432.4731953742,LCU per capita,World Bank
1994,MEX,Mexico,20456.355397743,LCU per capita,World Bank
1995,MEX,Mexico,25916.3013700213,LCU per capita,World Bank
1996,MEX,Mexico,34374.9810254329,LCU per capita,World Bank
1997,MEX,Mexico,43007.9191495595,LCU per capita,World Bank
1998,MEX,Mexico,52003.2113650349,LCU per capita,World Bank
1999,MEX,Mexico,60866.7991162336,LCU per capita,World Bank
2000,MEX,Mexico,69695.1873891666,LCU per capita,World Bank
2001,MEX,Mexico,72992.6629609323,LCU per capita,World Bank
2002,MEX,Mexico,76145.4161112021,LCU per capita,World Bank
2003,MEX,Mexico,79312.4304229868,LCU per capita,World Bank
2004,MEX,Mexico,87798.3369965501,LCU per capita,World Bank
2005,MEX,Mexico,93124.5800645646,LCU per capita,World Bank
2006,MEX,Mexico,102126.653656762,LCU per capita,World Bank
2007,MEX,Mexico,108983.33313108,LCU per capita,World Bank
2008,MEX,Mexico,115552.100775499,LCU per capita,World Bank
2009,MEX,Mexico,112097.788663241,LCU per capita,World Bank
2010,MEX,Mexico,121577.936964756,LCU per capita,World Bank
2011,MEX,Mexico,130505.932646755,LCU per capita,World Bank
2012,MEX,Mexico,138523.963978287,LCU per capita,World Bank
2013,MEX,Mexico,139111.046926055,LCU per capita,World Bank
2014,MEX,Mexico,147817.971761749,LCU per capita,World Bank
2015,MEX,Mexico,154848.879272193,LCU per capita,World Bank
2016,MEX,Mexico,165365.506660127,LCU per capita,World Bank
2017,MEX,Mexico,178001.037147009,LCU per capita,World Bank
2018,MEX,Mexico,189057.895626149,LCU per capita,World Bank
2019,MEX,Mexico,194136.567221347,LCU per capita,World Bank
2020,MEX,Mexico,183857.0920884,LCU per capita,World Bank
2021,MEX,Mexico,203687.713448063,LCU per capita,World Bank
2022,MEX,Mexico,224183.084630474,LCU per capita,World Bank
2023,MEX,Mexico,239425.118401831,LCU per capita,World Bank
2024,MEX,Mexico,251443.251652893,LCU per capita,World Bank
1960,NLD,Netherlands,1965.05548908777,LCU per capita,World Bank
1961,NLD,Netherlands,2036.44603231916,LCU per capita,World Bank
1962,NLD,Netherlands,2178.53221027496,LCU per capita,World Bank
1963,NLD,Netherlands,2319.84947920459,LCU per capita,World Bank
1964,NLD,Netherlands,2694.60284431323,LCU per capita,World Bank
1965,NLD,Netherlands,3040.11082165861,LCU per capita,World Bank
1966,NLD,Netherlands,3264.6120383941,LCU per capita,World Bank
1967,NLD,Netherlands,3543.61541561686,LCU per capita,World Bank
1968,NLD,Netherlands,3884.20807525049,LCU per capita,World Bank
1969,NLD,Netherlands,4351.2873598849,LCU per capita,World Bank
1970,NLD,Netherlands,4804.1825433335,LCU per capita,World Bank
1971,NLD,Netherlands,5355.96082215184,LCU per capita,World Bank
1972,NLD,Netherlands,5951.35157927022,LCU per capita,World Bank
1973,NLD,Netherlands,6814.28393485921,LCU per capita,World Bank
1974,NLD,Netherlands,7671.56230288011,LCU per capita,World Bank
1975,NLD,Netherlands,8317.06628002314,LCU per capita,World Bank
1976,NLD,Netherlands,9461.58515473713,LCU per capita,World Bank
1977,NLD,Netherlands,10186.1833542205,LCU per capita,World Bank
1978,NLD,Netherlands,10871.4549875553,LCU per capita,World Bank
1979,NLD,Netherlands,11563.7693248527,LCU per capita,World Bank
1980,NLD,Netherlands,12296.3306901864,LCU per capita,World Bank
1981,NLD,Netherlands,12790.5651409034,LCU per capita,World Bank
1982,NLD,Netherlands,13153.9600871674,LCU per capita,World Bank
1983,NLD,Netherlands,13632.2178426081,LCU per capita,World Bank
1984,NLD,Netherlands,14364.3217642892,LCU per capita,World Bank
1985,NLD,Netherlands,14601.6251999775,LCU per capita,World Bank
1986,NLD,Netherlands,14974.1271749002,LCU per capita,World Bank
1987,NLD,Netherlands,15183.4118113715,LCU per capita,World Bank
1988,NLD,Netherlands,15672.221396422,LCU per capita,World Bank
1989,NLD,Netherlands,16522.3625550352,LCU per capita,World Bank
1990,NLD,Netherlands,17112.4552637158,LCU per capita,World Bank
1991,NLD,Netherlands,18010.9535642084,LCU per capita,World Bank
1992,NLD,Netherlands,18560.0478814576,LCU per capita,World Bank
1993,NLD,Netherlands,19097.9182450023,LCU per capita,World Bank
1994,NLD,Netherlands,20082.5359403772,LCU per capita,World Bank
1995,NLD,Netherlands,21200.9103301985,LCU per capita,World Bank
1996,NLD,Netherlands,22208.6889937464,LCU per capita,World Bank
1997,NLD,Netherlands,23574.9312168295,LCU per capita,World Bank
1998,NLD,Netherlands,24660.5237123922,LCU per capita,World Bank
1999,NLD,Netherlands,26399.1068099292,LCU per capita,World Bank
2000,NLD,Netherlands,28164.9953756592,LCU per capita,World Bank
2001,NLD,Netherlands,29338.4469076129,LCU per capita,World Bank
2002,NLD,Netherlands,30244.5443905289,LCU per capita,World Bank
2003,NLD,Netherlands,31339.5707519034,LCU per capita,World Bank
2004,NLD,Netherlands,32182.2326663444,LCU per capita,World Bank
2005,NLD,Netherlands,33415.4663505857,LCU per capita,World Bank
2006,NLD,Netherlands,35675.7859259526,LCU per capita,World Bank
2007,NLD,Netherlands,37531.8892500508,LCU per capita,World Bank
2008,NLD,Netherlands,37651.7891449703,LCU per capita,World Bank
2009,NLD,Netherlands,36752.736838361,LCU per capita,World Bank
2010,NLD,Netherlands,38494.7838131314,LCU per capita,World Bank
2011,NLD,Netherlands,39244.9587176095,LCU per capita,World Bank
2012,NLD,Netherlands,38927.2145171084,LCU per capita,World Bank
2013,NLD,Netherlands,39378.7781699495,LCU per capita,World Bank
2014,NLD,Netherlands,39874.2176701013,LCU per capita,World Bank
2015,NLD,Netherlands,40646.7609091257,LCU per capita,World Bank
2016,NLD,Netherlands,41033.4771279026,LCU per capita,World Bank
2017,NLD,Netherlands,43029.435718115,LCU per capita,World Bank
2018,NLD,Netherlands,45406.5734024837,LCU per capita,World Bank
2019,NLD,Netherlands,46797.9761628709,LCU per capita,World Bank
2020,NLD,Netherlands,45351.6612676662,LCU per capita,World Bank
2021,NLD,Netherlands,51467.1610930766,LCU per capita,World Bank
2022,NLD,Netherlands,55317.608932657,LCU per capita,World Bank
2023,NLD,Netherlands,59220.3989043647,LCU per capita,World Bank
2024,NLD,Netherlands,62145.2771722869,LCU per capita,World Bank
1990,POL,Poland,1560.24509809324,LCU per capita,World Bank
1991,POL,Poland,2285.79126816622,LCU per capita,World Bank
1992,POL,Poland,3203.88296040626,LCU per capita,World Bank
1993,POL,Poland,4371.02622192094,LCU per capita,World Bank
1994,POL,Poland,6366.4500278808,LCU per capita,World Bank
1995,POL,Poland,8936.26163680589,LCU per capita,World Bank
1996,POL,Poland,11200.3898057107,LCU per capita,World Bank
1997,POL,Poland,13528.1073158211,LCU per capita,World Bank
1998,POL,Poland,15704.1990088787,LCU per capita,World Bank
1999,POL,Poland,17433.5818804788,LCU per capita,World Bank
2000,POL,Poland,19560.1102172271,LCU per capita,World Bank
2001,POL,Poland,20438.0999452103,LCU per capita,World Bank
2002,POL,Poland,21143.4293432309,LCU per capita,World Bank
2003,POL,Poland,21998.3630230624,LCU per capita,World Bank
2004,POL,Poland,23779.4961225672,LCU per capita,World Bank
2005,POL,Poland,25513.2358603443,LCU per capita,World Bank
2006,POL,Poland,27416.6560853891,LCU per capita,World Bank
2007,POL,Poland,30134.971784255,LCU per capita,World Bank
2008,POL,Poland,33141.7926656883,LCU per capita,World Bank
2009,POL,Poland,34943.5382833062,LCU per capita,World Bank
2010,POL,Poland,36638.2132710862,LCU per capita,World Bank
2011,POL,Poland,39630.4257216047,LCU per capita,World Bank
2012,POL,Poland,40997.5902160945,LCU per capita,World Bank
2013,POL,Poland,41481.88405759,LCU per capita,World Bank
2014,POL,Poland,43268.2959617602,LCU per capita,World Bank
2015,POL,Poland,45845.8672011455,LCU per capita,World Bank
2016,POL,Poland,47223.5157111966,LCU per capita,World Bank
2017,POL,Poland,50344.6414738016,LCU per capita,World Bank
2018,POL,Poland,54160.1985529859,LCU per capita,World Bank
2019,POL,Poland,58431.5618334816,LCU per capita,World Bank
2020,POL,Poland,60653.4354586239,LCU per capita,World Bank
2021,POL,Poland,68806.2663880665,LCU per capita,World Bank
2022,POL,Poland,80900.5840542773,LCU per capita,World Bank
2023,POL,Poland,89542.7642326771,LCU per capita,World Bank
2024,POL,Poland,96255.1006085208,LCU per capita,World Bank
1960,SAU,Saudi Arabia,2609.48171616771,LCU per capita,World Bank
1961,SAU,Saudi Arabia,2777.16093632427,LCU per capita,World Bank
1962,SAU,Saudi Arabia,2955.34516637351,LCU per capita,World Bank
1963,SAU,Saudi Arabia,2950.98525708986,LCU per capita,World Bank
1964,SAU,Saudi Arabia,3198.14827808111,LCU per capita,World Bank
1965,SAU,Saudi Arabia,3429.76617154431,LCU per capita,World Bank
1966,SAU,Saudi Arabia,3825.80013664982,LCU per capita,World Bank
1967,SAU,Saudi Arabia,3844.05110536348,LCU per capita,World Bank
1968,SAU,Saudi Arabia,4856.50415159909,LCU per capita,World Bank
1969,SAU,Saudi Arabia,5021.01987232501,LCU per capita,World Bank
1970,SAU,Saudi Arabia,5511.06670877228,LCU per capita,World Bank
1971,SAU,Saudi Arabia,8229.52333103564,LCU per capita,World Bank
1972,SAU,Saudi Arabia,10196.8342856967,LCU per capita,World Bank
1973,SAU,Saudi Arabia,11829.0138381003,LCU per capita,World Bank
1974,SAU,Saudi Arabia,36281.071099483,LCU per capita,World Bank
1975,SAU,Saudi Arabia,35891.0665636296,LCU per capita,World Bank
1976,SAU,Saudi Arabia,46701.9819119776,LCU per capita,World Bank
1977,SAU,Saudi Arabia,51386.6876724359,LCU per capita,World Bank
1978,SAU,Saudi Arabia,50567.8104134932,LCU per capita,World Bank
1979,SAU,Saudi Arabia,67590.885772704,LCU per capita,World Bank
1980,SAU,Saudi Arabia,90795.5146141772,LCU per capita,World Bank
1981,SAU,Saudi Arabia,97804.2227216948,LCU per capita,World Bank
1982,SAU,Saudi Arabia,80920.9660624991,LCU per capita,World Bank
1983,SAU,Saudi Arabia,67650.9018893163,LCU per capita,World Bank
1984,SAU,Saudi Arabia,59454.3000558507,LCU per capita,World Bank
1985,SAU,Saudi Arabia,50901.5271390454,LCU per capita,World Bank
1986,SAU,Saudi Arabia,41877.9833065215,LCU per capita,World Bank
1987,SAU,Saudi Arabia,39195.3336369413,LCU per capita,World Bank
1988,SAU,Saudi Arabia,38112.2350691882,LCU per capita,World Bank
1989,SAU,Saudi Arabia,38735.1637386934,LCU per capita,World Bank
1990,SAU,Saudi Arabia,44208.1252054025,LCU per capita,World Bank
1991,SAU,Saudi Arabia,46638.1094306974,LCU per capita,World Bank
1992,SAU,Saudi Arabia,45670.9846324139,LCU per capita,World Bank
1993,SAU,Saudi Arabia,41961.9998981652,LCU per capita,World Bank
1994,SAU,Saudi Arabia,40136.6583947972,LCU per capita,World Bank
1995,SAU,Saudi Arabia,41185.1087100885,LCU per capita,World Bank
1996,SAU,Saudi Arabia,43623.1369670861,LCU per capita,World Bank
1997,SAU,Saudi Arabia,43962.7482348973,LCU per capita,World Bank
1998,SAU,Saudi Arabia,37580.0192800183,LCU per capita,World Bank
1999,SAU,Saudi Arabia,39903.5746659708,LCU per capita,World Bank
2000,SAU,Saudi Arabia,44040.749371265,LCU per capita,World Bank
2001,SAU,Saudi Arabia,40405.5855866746,LCU per capita,World Bank
2002,SAU,Saudi Arabia,39653.6301058964,LCU per capita,World Bank
2003,SAU,Saudi Arabia,42817.4789201356,LCU per capita,World Bank
2004,SAU,Saudi Arabia,49420.4574803198,LCU per capita,World Bank
2005,SAU,Saudi Arabia,59941.4259998473,LCU per capita,World Bank
2006,SAU,Saudi Arabia,66444.9989244678,LCU per capita,World Bank
2007,SAU,Saudi Arabia,70760.7288622973,LCU per capita,World Bank
2008,SAU,Saudi Arabia,85177.6370855961,LCU per capita,World Bank
2009,SAU,Saudi Arabia,67781.7703770976,LCU per capita,World Bank
2010,SAU,Saudi Arabia,84906.6098916083,LCU per capita,World Bank
2011,SAU,Saudi Arabia,104135.757594283,LCU per capita,World Bank
2012,SAU,Saudi Arabia,110600.477391813,LCU per capita,World Bank
2013,SAU,Saudi Arabia,107371.710607195,LCU per capita,World Bank
2014,SAU,Saudi Arabia,107320.927061603,LCU per capita,World Bank
2015,SAU,Saudi Arabia,89897.4623916477,LCU per capita,World Bank
2016,SAU,Saudi Arabia,85363.9054159956,LCU per capita,World Bank
2017,SAU,Saudi Arabia,91173.2686473716,LCU per capita,World Bank
2018,SAU,Saudi Arabia,111115.414560488,LCU per capita,World Bank
2019,SAU,Saudi Arabia,111892.639862314,LCU per capita,World Bank
2020,SAU,Saudi Arabia,92603.5541197832,LCU per capita,World Bank
2021,SAU,Saudi Arabia,121129.433625485,LCU per capita,World Bank
2022,SAU,Saudi Arabia,145415.813465665,LCU per capita,World Bank
2023,SAU,Saudi Arabia,136446.180144867,LCU per capita,World Bank
2024,SAU,Saudi Arabia,132119.713356381,LCU per capita,World Bank
1967,TUR,Turkey,0.00411742339397213,LCU per capita,World Bank
1968,TUR,Turkey,0.00448718337867097,LCU per capita,World Bank
1969,TUR,Turkey,0.00487037835882165,LCU per capita,World Bank
1970,TUR,Turkey,0.00533865160562813,LCU per capita,World Bank
1971,TUR,Turkey,0.00642880942474123,LCU per capita,World Bank
1972,TUR,Turkey,0.00747848938989968,LCU per capita,World Bank
1973,TUR,Turkey,0.00920682175402388,LCU per capita,World Bank
1974,TUR,Turkey,0.012268891546366,LCU per capita,World Bank
1975,TUR,Turkey,0.0156439000528242,LCU per capita,World Bank
1976,TUR,Turkey,0.0195318451672917,LCU per capita,World Bank
1977,TUR,Turkey,0.02455178929621,LCU per capita,World Bank
1978,TUR,Turkey,0.0359996559538384,LCU per capita,World Bank
1979,TUR,Turkey,0.0617331277575419,LCU per capita,World Bank
1980,TUR,Turkey,0.113316962796761,LCU per capita,World Bank
1981,TUR,Turkey,0.167146008122848,LCU per capita,World Bank
1982,TUR,Turkey,0.21660750191623,LCU per capita,World Bank
1983,TUR,Turkey,0.280206516715754,LCU per capita,World Bank
1984,TUR,Turkey,0.43260485638167,LCU per capita,World Bank
1985,TUR,Turkey,0.676401882411339,LCU per capita,World Bank
1986,TUR,Turkey,0.962058409929265,LCU per capita,World Bank
1987,TUR,Turkey,1.38019573583742,LCU per capita,World Bank
1988,TUR,Turkey,2.33075527179506,LCU per capita,World Bank
1989,TUR,Turkey,4.04510747212052,LCU per capita,World Bank
1990,TUR,Turkey,6.90017662570881,LCU per capita,World Bank
1991,TUR,Turkey,10.857895578709,LCU per capita,World Bank
1992,TUR,Turkey,18.5420471122338,LCU per capita,World Bank
1993,TUR,Turkey,33.0798416187808,LCU per capita,World Bank
1994,TUR,Turkey,62.8281474467165,LCU per capita,World Bank
1995,TUR,Turkey,124.79687216789,LCU per capita,World Bank
1996,TUR,Turkey,234.601878312671,LCU per capita,World Bank
1997,TUR,Turkey,451.501501138387,LCU per capita,World Bank
1998,TUR,Turkey,1116.6109523646,LCU per capita,World Bank
1999,TUR,Turkey,1639.41492034538,LCU per capita,World Bank
2000,TUR,Turkey,2582.95152230167,LCU per capita,World Bank
2001,TUR,Turkey,3640.09059025945,LCU per capita,World Bank
2002,TUR,Turkey,5298.31652453262,LCU per capita,World Bank
2003,TUR,Turkey,6837.97031560159,LCU per capita,World Bank
2004,TUR,Turkey,8380.74104046431,LCU per capita,World Bank
2005,TUR,Turkey,9708.13654569075,LCU per capita,World Bank
2006,TUR,Turkey,11238.5247258566,LCU per capita,World Bank
2007,TUR,Turkey,12536.4635464576,LCU per capita,World Bank
2008,TUR,Turkey,13973.7871749275,LCU per capita,World Bank
2009,TUR,Turkey,13805.0874619201,LCU per capita,World Bank
2010,TUR,Turkey,15830.3509827718,LCU per capita,World Bank
2011,TUR,Turkey,18764.7008528539,LCU per capita,World Bank
2012,TUR,Turkey,20879.6798028999,LCU per capita,World Bank
2013,TUR,Turkey,23730.4427627328,LCU per capita,World Bank
2014,TUR,Turkey,26391.4371041049,LCU per capita,World Bank
2015,TUR,Turkey,29719.3646622084,LCU per capita,World Bank
2016,TUR,Turkey,32781.3027359687,LCU per capita,World Bank
2017,TUR,Turkey,38531.3889495095,LCU per capita,World Bank
2018,TUR,Turkey,45545.0624036885,LCU per capita,World Bank
2019,TUR,Turkey,51473.0395583961,LCU per capita,World Bank
2020,TUR,Turkey,59822.3307207547,LCU per capita,World Bank
2021,TUR,Turkey,85107.270814184,LCU per capita,World Bank
2022,TUR,Turkey,174934.060300356,LCU per capita,World Bank
2023,TUR,Turkey,307932.378751145,LCU per capita,World Bank
2024,TUR,Turkey,501561.527017387,LCU per capita,World Bank
1960,USA,United States,3019.26706555009,LCU per capita,World Bank
1961,USA,United States,3079.78071870696,LCU per capita,World Bank
1962,USA,United States,3259.46992033795,LCU per capita,World Bank
1963,USA,United States,3392.09583496264,LCU per capita,World Bank
1964,USA,United States,3592.59780393874,LCU per capita,World Bank
1965,USA,United States,3847.43416210764,LCU per capita,World Bank
1966,USA,United States,4164.04151404151,LCU per capita,World Bank
1967,USA,United States,4354.80494383832,LCU per capita,World Bank
1968,USA,United States,4717.02888802527,LCU per capita,World Bank
1969,USA,United States,5051.04180543426,LCU per capita,World Bank
1970,USA,United States,5265.47412363693,LCU per capita,World Bank
1971,USA,United States,5645.95181569963,LCU per capita,World Bank
1972,USA,United States,6134.79056294546,LCU per capita,World Bank
1973,USA,United States,6785.90338305593,LCU per capita,World Bank
1974,USA,United States,7298.26423634816,LCU per capita,World Bank
1975,USA,United States,7861.66789367189,LCU per capita,World Bank
1976,USA,United States,8669.52094847158,LCU per capita,World Bank
1977,USA,United States,9544.712789288,LCU per capita,World Bank
1978,USA,United States,10661.9044410001,LCU per capita,World Bank
1979,USA,United States,11816.0627402191,LCU per capita,World Bank
1980,USA,United States,12725.237099791,LCU per capita,World Bank
1981,USA,United States,14119.6342813314,LCU per capita,World Bank
1982,USA,United States,14591.3866634436,LCU per capita,World Bank
1983,USA,United States,15702.5133451957,LCU per capita,World Bank
1984,USA,United States,17275.1107812997,LCU per capita,World Bank
1985,USA,United States,18343.4374001782,LCU per capita,World Bank
1986,USA,United States,19141.842229098,LCU per capita,World Bank
1987,USA,United States,20111.1152384136,LCU per capita,World Bank
1988,USA,United States,21509.6789761921,LCU per capita,World Bank
1989,USA,United States,22957.5883542191,LCU per capita,World Bank
1990,USA,United States,24027.5775870012,LCU per capita,World Bank
1991,USA,United States,24467.1180839668,LCU per capita,World Bank
1992,USA,United States,25540.1420585231,LCU per capita,World Bank
1993,USA,United States,26507.1695412802,LCU per capita,World Bank
1994,USA,United States,27782.1347947371,LCU per capita,World Bank
1995,USA,United States,28795.8486994795,LCU per capita,World Bank
1996,USA,United States,30082.2995315412,LCU per capita,World Bank
1997,USA,United States,31544.5889890962,LCU per capita,World Bank
1998,USA,United States,32916.7893160875,LCU per capita,World Bank
1999,USA,United States,34626.1288704128,LCU per capita,World Bank
2000,USA,United States,36466.3456182333,LCU per capita,World Bank
2001,USA,United States,37310.3554385424,LCU per capita,World Bank
2002,USA,United States,38156.9565778614,LCU per capita,World Bank
2003,USA,United States,39691.9376899631,LCU per capita,World Bank
2004,USA,United States,41986.6344085072,LCU per capita,World Bank
2005,USA,United States,44376.5157164657,LCU per capita,World Bank
2006,USA,United States,46457.6951815711,LCU per capita,World Bank
2007,USA,United States,48367.8040701806,LCU per capita,World Bank
2008,USA,United States,49047.5894546359,LCU per capita,World Bank
2009,USA,United States,47684.7054473559,LCU per capita,World Bank
2010,USA,United States,49307.2965991236,LCU per capita,World Bank
2011,USA,United States,50787.8763938731,LCU per capita,World Bank
2012,USA,United States,52448.6455946735,LCU per capita,World Bank
2013,USA,United States,54024.3168074066,LCU per capita,World Bank
2014,USA,United States,55889.9748529056,LCU per capita,World Bank
2015,USA,United States,57533.4898573644,LCU per capita,World Bank
2016,USA,United States,58689.9428875929,LCU per capita,World Bank
2017,USA,United States,60944.6641989771,LCU per capita,World Bank
2018,USA,United States,63759.3217368067,LCU per capita,World Bank
2019,USA,United States,66081.5986611506,LCU per capita,World Bank
2020,USA,United States,65039.6594801364,LCU per capita,World Bank
2021,USA,United States,71767.0587898046,LCU per capita,World Bank
2022,USA,United States,78307.8072768568,LCU per capita,World Bank
2023,USA,United States,82601.6606563315,LCU per capita,World Bank
2024,USA,United States,85981.0739193172,LCU per capita,World Bank
